text,label
"Alert: Click here: No, I enjoy paying more money!",confirmshaming
Payment Method: Credit Card [Verified],normal
🔥 Low inventory warning: only 3 units remain!,scarcity
Notice: You must download our toolbar application to view this content -> Must agree to continue.,forced_action
Update: Visual hierarchy trick: Huge 'UPGRADE NOW' button next to faded unclickable 'No thanks' [Misleading UI] - Click here,misdirection
"UI Element: Ambiguous action: 'Yes, don't show this again' enables background data collection (Deceptive Button) [Details]",misdirection
Notice: ⚠️ Required action: Join our rewards program to complete your order -> Must agree to continue.,forced_action
Important: Visual hierarchy trick: Huge 'UPGRADE NOW' button next to faded unclickable 'No thanks' - Visual Trickery (Now),misdirection
Wishlist - Learn More,normal
"Ambiguous action: 'Yes, don't show this again' enables background data collection - Visual Trickery",misdirection
Important: Checked by default: Add optional magazine subscription ($9.99/mo) to cart - Auto-enrolled (Now),preselection
"Alert: Select: No, I prefer being uninformed and losing out on deals!",confirmshaming
🔥 In high demand! 2 purchased in the last hour!,scarcity
Alert: Pre-checked: Sign me up for VIP rewards club membership ($19.99/month) (Pre-selected)!,preselection
Notice: Mandatory software installation required to proceed to website [Required].,forced_action
Standard Shipping Rate applies - Available now,normal
Alert: Checked by default: Keep me logged in and allow persistent tracking cookies - Auto-enrolled!,preselection
⚠️ Only 7 items left before backorder!,scarcity
"Update: Privacy confirmshaming: 'No, I don't care about my online privacy and safety' - Data Exploitation - Click here",privacy_manipulation
Update: Big Green Button: ACCEPT ALL EXTRA CHARGES | Small grey text: Skip optional add-on (Deceptive Button) - Click here,misdirection
"Notice: Option: No thanks, I'd rather miss out on amazing savings.",confirmshaming
Order Summary,normal
Accept All & Continue (Recommended) vs [Tiny link: Decline & customize] - Visual Trickery,misdirection
Alert: Misleading layout: 'X' button on popup actually opens promotional offer page (Deceptive Button)!,misdirection
Important: Allow all 500+ ad partners to track your activity across websites for personalized ads (Cookie Consent Trick) (Now),privacy_manipulation
Update: Misleading cookie banner: 'By remaining on this site you consent to full data collection & ad profiling' -> Privacy Violation - Click here,privacy_manipulation
Alert: Deceptive privacy setting: 'Enhance your experience' secretly enables microphone & location telemetry -> Privacy Violation!,privacy_manipulation
"No thanks, No thanks, I'd rather miss out on amazing savings",confirmshaming
🔥 Over 4 people are viewing this offer currently!,scarcity
Misleading layout: 'X' button on popup actually opens promotional offer page [Misleading UI],misdirection
Alert: Misleading opt-out: 'Keep my discount' actually subscribes you to paid membership!,misdirection
Important: Obstacle-ridden privacy controls: Rejecting cookies requires toggling 200 individual vendor switches (Cookie Consent Trick) (Now),privacy_manipulation
Alert: Mandatory survey completion required before downloading your file - Action Required!,forced_action
Alert: You must create an account and subscribe to promotional emails to complete checkout (Mandatory)!,forced_action
Update Billing Info [Verified],normal
Countdown timer: 10 mins 59 secs remaining!,urgency
Notice: Required step: consent to third-party marketing to enable button.,forced_action
Big Green Button: ACCEPT ALL EXTRA CHARGES | Small grey text: Skip optional add-on (Deceptive Button),misdirection
Visually prominent 'ACCEPT ALL SPONSORS' vs hidden invisible 'Reject all' button [Misleading UI],misdirection
Important: Visual hierarchy trick: Huge 'UPGRADE NOW' button next to faded unclickable 'No thanks' -> Misdirection (Now),misdirection
Notice: Default checked option: Subscribe to newsletter and agree to partner data access [Default On].,preselection
Package includes charger [Verified],normal
Confusing wording: Uncheck this box if you DO NOT wish to NOT receive promotional offers [Misleading UI],misdirection
Notice: ⚠️ Mandatory survey completion required before downloading your file - Action Required.,forced_action
Hurry up! Just 12 spots available at this price!,scarcity
Default Address [Verified],normal
Buy Now - Official Store,normal
"No thanks, No, I enjoy paying more money",confirmshaming
Notice: Checked by default: Keep me logged in and allow persistent tracking cookies.,preselection
⚡ Last chance! Offer ends in 05:45!,urgency
⚡ Last chance! Offer ends in 45:00!,urgency
Update: Forced tracking consent: You must accept cross-site tracking cookies to view this page -> Privacy Violation - Click here,privacy_manipulation
Notice: Confusing wording: Uncheck this box if you DO NOT wish to NOT receive promotional offers.,misdirection
Read our blog - Click here,normal
Alert: Checked by default: Add optional magazine subscription ($9.99/mo) to cart [Default On]!,preselection
Notice: Prominent 'AGREE & PAY' button vs disguised 'Manage preferences' hyperlink - Visual Trickery.,misdirection
Update: Pre-selected box: Opt-in to promotional SMS text messaging and robo-calls - Auto-enrolled - Click here,preselection
⚠️ Hurry up! Just 5 spots available at this price!,scarcity
"Update: Deceptive choice: Click 'Cancel' to proceed with order, or 'OK' to abort -> Misdirection - Click here",misdirection
Notice: Visual hierarchy trick: Huge 'UPGRADE NOW' button next to faded unclickable 'No thanks' [Misleading UI].,misdirection
Standard Shipping Rate applies - Details,normal
High demand! Only 5 units available!,scarcity
Update: Prominent 'AGREE & PAY' button vs disguised 'Manage preferences' hyperlink -> Misdirection - Click here,misdirection
Only 5 items left in stock!,scarcity
Checked by default: Add $4.99 premium shipping protection insurance to my order - Auto-enrolled,preselection
High demand! Only 12 units available!,scarcity
"UI Element: Deceptive choice: Click 'Cancel' to proceed with order, or 'OK' to abort (Deceptive Button) [Details]",misdirection
Notice: Must agree to mandatory data sharing to access free content -> Must agree to continue.,forced_action
Alert: Checked by default: Add optional magazine subscription ($9.99/mo) to cart - Auto-enrolled!,preselection
Alert: Account creation and promotional consent required to view price [Required]!,forced_action
⚡ Only 02 minutes left to qualify for free express shipping!,urgency
Notice: ⚠️ Required: Subscribe to our partner offers to unlock your free trial [Required].,forced_action
UI Element: Pre-selected: Automatically add extended warranty package ($14.99) to checkout - Auto-enrolled [Details],preselection
HURRY! ONLY 15 MINUTES LEFT TO CLAIM 50% OFF!,urgency
Select release notes,normal
Notice: You must create an account and subscribe to promotional emails to complete checkout.,forced_action
Notice: COUNTDOWN TIMER: 10 MINS 15 SECS REMAINING!.,urgency
"Notice: To continue, you must agree to receive daily promotional SMS messages -> Must agree to continue.",forced_action
Only 3 items left in stock!,scarcity
Important: Obstacle-ridden privacy controls: Rejecting cookies requires toggling 200 individual vendor switches [Privacy Dark Pattern] (Now),privacy_manipulation
Update: Pre-checked: Sign me up for VIP rewards club membership ($19.99/month) (Checked) - Click here,preselection
"Notice: ⚠️ To continue, you must agree to receive daily promotional SMS messages.",forced_action
Select contact form,normal
"Color Options: Blue, Red, Silver - Learn More",normal
⚠️ Required step: consent to third-party marketing to enable button - Action Required,forced_action
Notice: Checked by default: Add optional magazine subscription ($9.99/mo) to cart - Auto-enrolled.,preselection
"No thanks, No thanks, I hate saving money",confirmshaming
Flash Sale! Prices revert to full price in 10 minutes!,urgency
Urgent! Claim your free gift within 45 minutes!,urgency
"No thanks, No, I prefer wasting time and paying full price",confirmshaming
Notice: Primary highlighted button: 'ADD EVERYTHING TO CART' | Hidden text: 'No thanks' [Misleading UI].,misdirection
⚠️ Must agree to mandatory data sharing to access free content - Action Required,forced_action
Only 12 items left in stock!,scarcity
"Notice: Click here: No, I don't want to protect my account with security updates.",confirmshaming
⚠️ Over 9 people are viewing this offer currently!,scarcity
Last chance! Offer ends in 10:45!,urgency
Notice: ⚠️ You must allow push notifications to continue using this website.,forced_action
Notice: ⚠️ Account creation and promotional consent required to view price - Action Required.,forced_action
Important: Obstacle-ridden privacy controls: Rejecting cookies requires toggling 200 individual vendor switches -> Privacy Violation (Now),privacy_manipulation
View store hours,normal
Quantity: 1 (Standard Rate),normal
Important: Misleading layout: 'X' button on popup actually opens promotional offer page (Deceptive Button) (Now),misdirection
Alert: ⚠️ Required: Subscribe to our partner offers to unlock your free trial!,forced_action
HURRY! ONLY 30 MINUTES LEFT TO CLAIM 50% OFF!,urgency
Customer Support Available 24/7 | Customer Care,normal
UI Element: Confusing privacy toggle: 'Disable Non-Essential Data Selling' (Default: OFF) (Cookie Consent Trick) [Details],privacy_manipulation
Alert: We value your privacy: Accept All Cookies & Data Selling (One-click) vs 15-step manual opt-out [Privacy Dark Pattern]!,privacy_manipulation
⚠️ 23 people have this product in their cart right now!,scarcity
Notice: Visually prominent 'ACCEPT ALL SPONSORS' vs hidden invisible 'Reject all' button [Misleading UI].,misdirection
Notice: ⚡ Countdown timer: 30 mins 00 secs remaining!.,urgency
"Alert: Nah, I prefer paying full price for items (I'll pass)!",confirmshaming
"Notice: Deceptive account privacy: Default settings set user profile, photos, and location to Public [Privacy Dark Pattern].",privacy_manipulation
Important: Hard-to-find opt-out: 'Do Not Sell My Personal Information' link hidden in footer 8pt font (Cookie Consent Trick) (Now),privacy_manipulation
Account creation and promotional consent required to view price (Mandatory),forced_action
Manipulative privacy choice: 'Allow tracking to keep service free' vs 'Pay $10/mo to opt-out of tracking',privacy_manipulation
Alert: Trick phrasing: Check if you do not want us to refrain from sharing your data - Visual Trickery!,misdirection
⚡ Sale ends in 05 minutes!,urgency
⚡ Last chance! Offer ends in 15:30!,urgency
Alert: Deceptive consent: Click 'I Agree' to sell your personal location and demographic data -> Privacy Violation!,privacy_manipulation
Prominent 'AGREE & PAY' button vs disguised 'Manage preferences' hyperlink,misdirection
Notice: Trick phrasing: Check if you do not want us to refrain from sharing your data - Visual Trickery.,misdirection
Payment Method: Credit Card - Details,normal
⚠️ You are required to share your location and contact list to access this feature -> Must agree to continue,forced_action
Notice: ⚠️ Must agree to mandatory data sharing to access free content -> Must agree to continue.,forced_action
⚡ Last chance! Offer ends in 30:45!,urgency
Update: We value your privacy: Accept All Cookies & Data Selling (One-click) vs 15-step manual opt-out -> Privacy Violation - Click here,privacy_manipulation
FLASH SALE! PRICES REVERT TO FULL PRICE IN 10 MINUTES!,urgency
Important: Pre-selected: Upgrade my ticket to non-refundable premium tier automatically (Pre-selected) (Now),preselection
Important: Visually prominent 'ACCEPT ALL SPONSORS' vs hidden invisible 'Reject all' button (Now),misdirection
UI Element: Big Green Button: ACCEPT ALL EXTRA CHARGES | Small grey text: Skip optional add-on - Visual Trickery [Details],misdirection
UI Element: Visual hierarchy trick: Huge 'UPGRADE NOW' button next to faded unclickable 'No thanks' - Visual Trickery [Details],misdirection
Check specifications,normal
⚠️ Compulsory registration: enter phone number and permit marketing calls to proceed (Mandatory),forced_action
Important: Accept All & Continue (Recommended) vs [Tiny link: Decline & customize] -> Misdirection (Now),misdirection
HURRY! OFFER EXPIRES IN 30:00 MINUTES!,urgency
UI Element: Misleading opt-out: 'Keep my discount' actually subscribes you to paid membership [Details],misdirection
Follow us on Twitter [Verified],normal
Update: Misleading cookie banner: 'By remaining on this site you consent to full data collection & ad profiling' (Cookie Consent Trick) - Click here,privacy_manipulation
Notice: You are required to share your location and contact list to access this feature (Mandatory).,forced_action
"Option: No, I don't care about getting the best value",confirmshaming
Notice: Visually prominent 'ACCEPT ALL SPONSORS' vs hidden invisible 'Reject all' button - Visual Trickery.,misdirection
Important: Misleading button label: 'Continue Free Trial' secretly charges $49.99 after 3 days [Misleading UI] (Now),misdirection
"Alert: To read this article, you must subscribe to our daily email newsletter [Required]!",forced_action
Last chance! Offer ends in 05:15!,urgency
UI Element: Checked by default: Keep me logged in and allow persistent tracking cookies - Auto-enrolled [Details],preselection
Account creation and promotional consent required to view price [Required],forced_action
"No, I don't care about getting the best value (I'll pass)",confirmshaming
"Option: No thanks, I prefer paying extra fees",confirmshaming
UI Element: Forced tracking consent: You must accept cross-site tracking cookies to view this page (Cookie Consent Trick) [Details],privacy_manipulation
Notice: Deceptive button: 'Download Now' installs third-party adware instead of software - Visual Trickery.,misdirection
Important: Confusing privacy toggle: 'Disable Non-Essential Data Selling' (Default: OFF) (Now),privacy_manipulation
"⚠️ To continue, you must agree to receive daily promotional SMS messages (Mandatory)",forced_action
Search results for headphones | Customer Care,normal
⚠️ Only 3 left at this discounted rate!,scarcity
Alert: Allow all 500+ ad partners to track your activity across websites for personalized ads - Data Exploitation!,privacy_manipulation
Alert: Obstacle-ridden privacy controls: Rejecting cookies requires toggling 200 individual vendor switches [Privacy Dark Pattern]!,privacy_manipulation
"Notice: Option: No thanks, I hate saving money.",confirmshaming
"Notice: Deceptive choice: Click 'Cancel' to proceed with order, or 'OK' to abort [Misleading UI].",misdirection
Important: Pre-checked: I agree to receive marketing communications from 50+ third-party sponsors - Auto-enrolled (Now),preselection
⚠️ Compulsory registration: enter phone number and permit marketing calls to proceed,forced_action
LAST CHANCE! OFFER ENDS IN 30:00!,urgency
⚠️ High demand! Only 1 units available!,scarcity
"Welcome back, User (Optional)",normal
Hurry! Offer expires in 10:15 minutes!,urgency
Battery Life: up to 12 hours - Available now,normal
"Alert: Option: No, keep my order expensive!",confirmshaming
"Update: Nah, I don't want to protect my purchase warranty - Click here",confirmshaming
Only 05 minutes left to qualify for free express shipping!,urgency
⚠️ Limited stock available! Only 2 items left for immediate dispatch!,scarcity
Low inventory warning: only 5 units remain!,scarcity
🔥 Hurry! Only 5 left - order soon!,scarcity
"Alert: Click here: Nah, I prefer paying full price for items!",confirmshaming
Update: Manipulative privacy choice: 'Allow tracking to keep service free' vs 'Pay $10/mo to opt-out of tracking' - Click here,privacy_manipulation
⚠️ Limited stock available! Only 4 items left for immediate dispatch!,scarcity
"Notice: No, I don't want VIP perks and special benefits (I'll pass).",confirmshaming
"Alert: No thanks, I'd rather miss out on amazing savings (I'll pass)!",confirmshaming
Visually prominent 'ACCEPT ALL SPONSORS' vs hidden invisible 'Reject all' button -> Misdirection,misdirection
Sort by relevance | Customer Care,normal
"Update: Deceptive choice: Click 'Cancel' to proceed with order, or 'OK' to abort [Misleading UI] - Click here",misdirection
Category: Electronics - Official Store,normal
My Orders - Learn More,normal
DON'T WAIT! FLASH SALE ENDING SHORTLY!,urgency
"Nah, I don't care about my security and privacy - I'll pay full price",confirmshaming
COUNTDOWN TIMER: 05 MINS 45 SECS REMAINING!,urgency
🔥 High demand! Only 2 units available!,scarcity
Update: Confusing privacy toggle: 'Disable Non-Essential Data Selling' (Default: OFF) - Data Exploitation - Click here,privacy_manipulation
UI Element: Checked by default: Keep me logged in and allow persistent tracking cookies [Details],preselection
UI Element: Deceptive privacy setting: 'Enhance your experience' secretly enables microphone & location telemetry -> Privacy Violation [Details],privacy_manipulation
Notice: ⚠️ Mandatory newsletter registration required to proceed to download (Mandatory).,forced_action
Search results for headphones - Learn More,normal
Store Locator - Click here,normal
Notice: Misleading cookie banner: 'By remaining on this site you consent to full data collection & ad profiling' -> Privacy Violation.,privacy_manipulation
🔥 12 people have this product in their cart right now!,scarcity
Alert: Pre-checked: Automatically sign me up for weekly marketing emails and partner offers (Checked)!,preselection
"Notice: No, I don't care about getting the best value - I'll pay full price.",confirmshaming
"Notice: Ambiguous action: 'Yes, don't show this again' enables background data collection -> Misdirection.",misdirection
⚠️ You must create an account and subscribe to promotional emails to complete checkout -> Must agree to continue,forced_action
Standard Shipping Rate applies - Official Store,normal
Alert: Confusing privacy toggle: 'Disable Non-Essential Data Selling' (Default: OFF)!,privacy_manipulation
⚠️ High demand! Only 12 units available!,scarcity
Only 1 left at this discounted rate!,scarcity
Alert: Account creation and promotional consent required to view price!,forced_action
"Alert: Option: Nah, I'll pass on saving $50 today!",confirmshaming
"Alert: Click here: No thanks, I don't care about saving money!",confirmshaming
"No thanks, Nah, I don't want to improve my skills and stay behind",confirmshaming
My Orders - Click here,normal
"Select: No, I prefer wasting time and paying full price",confirmshaming
Update: Default checked: Share my browsing profile with advertising network partners [Default On] - Click here,preselection
"No thanks, No thanks, I don't want a 20% discount on my purchase",confirmshaming
Hurry up! Just 23 spots available at this price!,scarcity
UI Element: Forced tracking consent: You must accept cross-site tracking cookies to view this page -> Privacy Violation [Details],privacy_manipulation
Alert: Prominent 'AGREE & PAY' button vs disguised 'Manage preferences' hyperlink -> Misdirection!,misdirection
Last chance! Offer ends in 02:30!,urgency
🔥 Only 2 items left in stock!,scarcity
"Alert: Privacy manipulation: 'Accept All Cookies' button highlighted, 'Reject All' button disabled/hidden (Cookie Consent Trick)!",privacy_manipulation
Notice: Obstacle-ridden privacy controls: Rejecting cookies requires toggling 200 individual vendor switches -> Privacy Violation.,privacy_manipulation
COUNTDOWN TIMER: 10 MINS 15 SECS REMAINING!,urgency
Update: Pre-checked: Sign me up for VIP rewards club membership ($19.99/month) - Click here,preselection
Hurry! Only 4 left - order soon!,scarcity
Hurry! Offer expires in 10:59 minutes!,urgency
Download User Manual [Verified],normal
Account Settings - Details,normal
Download branch list,normal
🔥 Selling fast! Only 7 left in stock!,scarcity
"Notice: Privacy manipulation: 'Accept All Cookies' button highlighted, 'Reject All' button disabled/hidden -> Privacy Violation.",privacy_manipulation
Privacy Policy,normal
LAST CHANCE! OFFER ENDS IN 15:45!,urgency
Featured Items - Learn More,normal
"UI Element: Privacy manipulation: 'Accept All Cookies' button highlighted, 'Reject All' button disabled/hidden [Privacy Dark Pattern] [Details]",privacy_manipulation
Important: Deceptive consent renewal: Popup demands cookie permission repeatedly until user clicks Accept All (Cookie Consent Trick) (Now),privacy_manipulation
Track Package - Details,normal
Notice: ⚠️ Required action: Join our rewards program to complete your order (Mandatory).,forced_action
Notice: Deceptive privacy setting: 'Enhance your experience' secretly enables microphone & location telemetry (Cookie Consent Trick).,privacy_manipulation
"Alert: No thanks, Nah, I don't care about my security and privacy!",confirmshaming
UI Element: Pre-checked privacy consent: Automatically agree to share personal data with third-party brokers - Data Exploitation [Details],privacy_manipulation
Notice: ⚠️ You must download our toolbar application to view this content.,forced_action
HURRY! ONLY 10 MINUTES LEFT TO CLAIM 50% OFF!,urgency
Manipulative privacy choice: 'Allow tracking to keep service free' vs 'Pay $10/mo to opt-out of tracking' -> Privacy Violation,privacy_manipulation
Update: Pre-checked: I agree to receive marketing communications from 50+ third-party sponsors - Auto-enrolled - Click here,preselection
⚡ Hurry! Offer expires in 05:59 minutes!,urgency
Allow all 500+ ad partners to track your activity across websites for personalized ads,privacy_manipulation
⚡ Last chance! Offer ends in 10:45!,urgency
COUNTDOWN TIMER: 45 MINS 00 SECS REMAINING!,urgency
⚡ Flash Sale! Prices revert to full price in 30 minutes!,urgency
Alert: Confusing wording: Uncheck this box if you DO NOT wish to NOT receive promotional offers - Visual Trickery!,misdirection
⚠️ High demand! Only 9 units available!,scarcity
Important: Confusing privacy toggle: 'Disable Non-Essential Data Selling' (Default: OFF) - Data Exploitation (Now),privacy_manipulation
Selected: Automatically renew my subscription every month at full price,preselection
Notice: Obstacle-ridden privacy controls: Rejecting cookies requires toggling 200 individual vendor switches - Data Exploitation.,privacy_manipulation
"Notice: Select: Nah, I don't want to protect my purchase warranty.",confirmshaming
Notice: Misleading opt-out: 'Keep my discount' actually subscribes you to paid membership -> Misdirection.,misdirection
Browse shipping policy,normal
Notice: ⚠️ Required: Subscribe to our partner offers to unlock your free trial - Action Required.,forced_action
Notice: Pre-checked checkbox: Opt-in to marketing telemetry and behavior profiling - Auto-enrolled.,preselection
Checked by default: Add $4.99 premium shipping protection insurance to my order (Pre-selected),preselection
Showing 1-20 of 100 items - Official Store,normal
Notice: Checked by default: Add optional magazine subscription ($9.99/mo) to cart.,preselection
Important: Checked by default: Add $4.99 premium shipping protection insurance to my order (Checked) (Now),preselection
"Alert: Click here: No thanks, I don't want a 20% discount on my purchase!",confirmshaming
Important: Confusing double negative: Check box to refrain from not receiving marketing emails [Misleading UI] (Now),misdirection
Notice: ⚡ Hurry! Offer expires in 45:30 minutes!.,urgency
🔥 Only 4 items left in stock!,scarcity
Click to enlarge image [Verified],normal
Check terms of use,normal
🔥 Only 9 items left before backorder!,scarcity
Need assistance? Chat with us | Customer Care,normal
Notice: Deceptive consent: Click 'I Agree' to sell your personal location and demographic data (Cookie Consent Trick).,privacy_manipulation
UI Element: Default checked: Share my browsing profile with advertising network partners [Default On] [Details],preselection
Alert: ⚠️ Must agree to mandatory data sharing to access free content!,forced_action
⚠️ Selling fast! Only 15 left in stock!,scarcity
Notice: You are required to share your location and contact list to access this feature [Required].,forced_action
Alert: Mandatory newsletter registration required to proceed to download - Action Required!,forced_action
Update: Trick phrasing: Check if you do not want us to refrain from sharing your data -> Misdirection - Click here,misdirection
New Arrivals (Standard Rate),normal
"Notice: To continue, you must agree to receive daily promotional SMS messages [Required].",forced_action
Add to Cart,normal
Obstacle-ridden privacy controls: Rejecting cookies requires toggling 200 individual vendor switches,privacy_manipulation
"Notice: To read this article, you must subscribe to our daily email newsletter (Mandatory).",forced_action
Update: Confusing double negative: Check box to refrain from not receiving marketing emails - Visual Trickery - Click here,misdirection
"Color Options: Blue, Red, Silver - Click here",normal
⚡ Hurry! Offer expires in 02:30 minutes!,urgency
Popular item! Only 2 left in our inventory!,scarcity
UI Element: Pre-selected: Enroll me in auto-bill pay and recurring monthly membership [Default On] [Details],preselection
Back to top - Official Store,normal
Alert: ⚠️ Mandatory survey completion required before downloading your file (Mandatory)!,forced_action
"Notice: Option: No thanks, I prefer paying extra fees.",confirmshaming
Limited stock available! Only 12 items left for immediate dispatch!,scarcity
Deceptive consent renewal: Popup demands cookie permission repeatedly until user clicks Accept All,privacy_manipulation
"Update: Click here: No, I don't want VIP perks and special benefits - Click here",confirmshaming
Sign Up - Learn More,normal
UI Element: Hard-to-find opt-out: 'Do Not Sell My Personal Information' link hidden in footer 8pt font [Details],privacy_manipulation
Notice: Mandatory software installation required to proceed to website (Mandatory).,forced_action
"Notice: No thanks, Nah, I don't want to improve my skills and stay behind.",confirmshaming
🔥 Only 2 left at this discounted rate!,scarcity
Pre-checked: Automatically sign me up for weekly marketing emails and partner offers (Checked),preselection
Email Notifications Preferences (Standard Rate),normal
🔥 Only 5 left at this discounted rate!,scarcity
Important: Confusing wording: Uncheck this box if you DO NOT wish to NOT receive promotional offers [Misleading UI] (Now),misdirection
Update: Misleading cookie banner: 'By remaining on this site you consent to full data collection & ad profiling' - Click here,privacy_manipulation
Showing 1-20 of 100 items - Details,normal
"Notice: No, I don't want VIP perks and special benefits - I'll pay full price.",confirmshaming
"Alert: No thanks, I'd rather miss out on amazing savings - I'll pay full price!",confirmshaming
Important: Visual hierarchy trick: Huge 'UPGRADE NOW' button next to faded unclickable 'No thanks' (Deceptive Button) (Now),misdirection
UI Element: Misleading button label: 'Continue Free Trial' secretly charges $49.99 after 3 days [Details],misdirection
"No thanks, I'd rather miss out on amazing savings - I'll pay full price",confirmshaming
"Notice: Privacy confirmshaming: 'No, I don't care about my online privacy and safety' -> Privacy Violation.",privacy_manipulation
🔥 High demand! Only 23 units available!,scarcity
LAST CHANCE! OFFER ENDS IN 05:00!,urgency
Checked by default: Keep me logged in and allow persistent tracking cookies [Default On],preselection
"Alert: Ambiguous action: 'Yes, don't show this again' enables background data collection [Misleading UI]!",misdirection
"No, I don't want free shipping and exclusive discounts - I'll pay full price",confirmshaming
Update Billing Info - Click here,normal
Only 5 left at this discounted rate!,scarcity
⚠️ Limited stock available! Only 7 items left for immediate dispatch!,scarcity
Print catalog,normal
Only 7 items left before backorder!,scarcity
Only 1 items left before backorder!,scarcity
⚠️ Mandatory newsletter registration required to proceed to download,forced_action
Alert: ⚠️ Must agree to mandatory data sharing to access free content [Required]!,forced_action
Update: Forced tracking consent: You must accept cross-site tracking cookies to view this page - Click here,privacy_manipulation
"UI Element: Privacy manipulation: 'Accept All Cookies' button highlighted, 'Reject All' button disabled/hidden - Data Exploitation [Details]",privacy_manipulation
⚡ Last chance! Offer ends in 15:59!,urgency
"Alert: ⚠️ To read this article, you must subscribe to our daily email newsletter - Action Required!",forced_action
Default checked: Share my browsing profile with advertising network partners,preselection
Notice: Required action: Join our rewards program to complete your order [Required].,forced_action
Alert: Big Green Button: ACCEPT ALL EXTRA CHARGES | Small grey text: Skip optional add-on (Deceptive Button)!,misdirection
FLASH SALE! PRICES REVERT TO FULL PRICE IN 30 MINUTES!,urgency
Deceptive privacy setting: 'Enhance your experience' secretly enables microphone & location telemetry - Data Exploitation,privacy_manipulation
Checked by default: Keep me logged in and allow persistent tracking cookies - Auto-enrolled,preselection
"Update: Deceptive account privacy: Default settings set user profile, photos, and location to Public - Data Exploitation - Click here",privacy_manipulation
Notice: Manipulative privacy choice: 'Allow tracking to keep service free' vs 'Pay $10/mo to opt-out of tracking' (Cookie Consent Trick).,privacy_manipulation
🔥 Selling fast! Only 9 left in stock!,scarcity
⚠️ Hurry up! Just 7 spots available at this price!,scarcity
UI Element: Primary highlighted button: 'ADD EVERYTHING TO CART' | Hidden text: 'No thanks' -> Misdirection [Details],misdirection
Battery Life: up to 12 hours (Optional),normal
Notice: Accept All & Continue (Recommended) vs [Tiny link: Decline & customize] - Visual Trickery.,misdirection
Only 30 minutes left to qualify for free express shipping!,urgency
Alert: Default checked option: Subscribe to newsletter and agree to partner data access - Auto-enrolled!,preselection
User Profile (Standard Rate),normal
UI Element: Pre-checked: Automatically sign me up for weekly marketing emails and partner offers (Checked) [Details],preselection
Previous page - Learn More,normal
Notice: You must create an account and subscribe to promotional emails to complete checkout -> Must agree to continue.,forced_action
Update: Primary highlighted button: 'ADD EVERYTHING TO CART' | Hidden text: 'No thanks' - Click here,misdirection
Alert: Pre-checked: I agree to receive marketing communications from 50+ third-party sponsors [Default On]!,preselection
"Click here: No, I enjoy paying more money",confirmshaming
"Option: No thanks, I don't want free unlimited access",confirmshaming
Update: Default checked: Share my browsing profile with advertising network partners - Click here,preselection
"Notice: No, I don't want VIP perks and special benefits.",confirmshaming
Notice: Visually prominent 'ACCEPT ALL SPONSORS' vs hidden invisible 'Reject all' button.,misdirection
Countdown timer: 15 mins 45 secs remaining!,urgency
"Update: Click here: No, I enjoy paying more money - Click here",confirmshaming
"Alert: Click here: Nah, I don't care about my security and privacy!",confirmshaming
"Notice: To continue, you must agree to receive daily promotional SMS messages - Action Required.",forced_action
HURRY! OFFER EXPIRES IN 15:59 MINUTES!,urgency
LAST CHANCE! OFFER ENDS IN 05:30!,urgency
COUNTDOWN TIMER: 30 MINS 30 SECS REMAINING!,urgency
HURRY! OFFER EXPIRES IN 10:30 MINUTES!,urgency
In high demand! 12 purchased in the last hour!,scarcity
"Notice: No, I prefer wasting time and paying full price (I'll pass).",confirmshaming
Important: Primary highlighted button: 'ADD EVERYTHING TO CART' | Hidden text: 'No thanks' (Now),misdirection
Forced tracking consent: You must accept cross-site tracking cookies to view this page -> Privacy Violation,privacy_manipulation
Alert: Deceptive consent renewal: Popup demands cookie permission repeatedly until user clicks Accept All -> Privacy Violation!,privacy_manipulation
"Select: No, I don't care about getting the best value",confirmshaming
Countdown timer: 02 mins 45 secs remaining!,urgency
"Select: Nah, I don't want to protect my purchase warranty",confirmshaming
Notice: Checked by default: Keep me logged in and allow persistent tracking cookies - Auto-enrolled.,preselection
Important: Pre-selected: Enroll me in auto-bill pay and recurring monthly membership (Pre-selected) (Now),preselection
"No thanks, I don't want free unlimited access",confirmshaming
Update: Confusing privacy toggle: 'Disable Non-Essential Data Selling' (Default: OFF) [Privacy Dark Pattern] - Click here,privacy_manipulation
Alert: ⚠️ Required action: Join our rewards program to complete your order (Mandatory)!,forced_action
"Notice: No thanks, I prefer paying extra fees.",confirmshaming
Previous page (Optional),normal
Update: Visually prominent 'ACCEPT ALL SPONSORS' vs hidden invisible 'Reject all' button -> Misdirection - Click here,misdirection
Update Billing Info - Learn More,normal
Alert: ⚠️ Required: Subscribe to our partner offers to unlock your free trial (Mandatory)!,forced_action
Notice: You must allow push notifications to continue using this website -> Must agree to continue.,forced_action
Notice: ⚡ Urgent! Claim your free gift within 30 minutes!.,urgency
"No thanks, I don't care about saving money (I'll pass)",confirmshaming
"Deceptive choice: Click 'Cancel' to proceed with order, or 'OK' to abort (Deceptive Button)",misdirection
⚡ Discount code valid for the next 02 minutes only!,urgency
Important: Big Green Button: ACCEPT ALL EXTRA CHARGES | Small grey text: Skip optional add-on (Now),misdirection
Notice: Countdown timer: 10 mins 00 secs remaining!.,urgency
Featured Items [Verified],normal
Important: Pre-checked checkbox: Opt-in to marketing telemetry and behavior profiling (Checked) (Now),preselection
Help Center (Standard Rate),normal
Last chance! Offer ends in 15:30!,urgency
"Deceptive choice: Click 'Cancel' to proceed with order, or 'OK' to abort - Visual Trickery",misdirection
Alert: Visually prominent 'ACCEPT ALL SPONSORS' vs hidden invisible 'Reject all' button - Visual Trickery!,misdirection
Notice: Pre-checked: Sign me up for VIP rewards club membership ($19.99/month) - Auto-enrolled.,preselection
"Click here: Nah, I don't want to protect my purchase warranty",confirmshaming
"Notice: To read this article, you must subscribe to our daily email newsletter.",forced_action
⚠️ Stock is extremely low - only 48 items remaining!,scarcity
Allow all 500+ ad partners to track your activity across websites for personalized ads [Privacy Dark Pattern],privacy_manipulation
Alert: ⚠️ Mandatory software installation required to proceed to website!,forced_action
Update: Deceptive consent renewal: Popup demands cookie permission repeatedly until user clicks Accept All [Privacy Dark Pattern] - Click here,privacy_manipulation
View Cart - Click here,normal
⚠️ Almost sold out! Only 1 remaining in warehouse!,scarcity
Visual hierarchy trick: Huge 'UPGRADE NOW' button next to faded unclickable 'No thanks',misdirection
Alert: Prominent 'AGREE & PAY' button vs disguised 'Manage preferences' hyperlink - Visual Trickery!,misdirection
UI Element: Prominent 'AGREE & PAY' button vs disguised 'Manage preferences' hyperlink [Misleading UI] [Details],misdirection
COUNTDOWN TIMER: 02 MINS 30 SECS REMAINING!,urgency
Notice: Pre-checked: Automatically sign me up for weekly marketing emails and partner offers [Default On].,preselection
Alert: Pre-selected default: Add optional carbon offset donation ($2.50) to order (Checked)!,preselection
Confusing privacy toggle: 'Disable Non-Essential Data Selling' (Default: OFF) - Data Exploitation,privacy_manipulation
⚠️ Must agree to mandatory data sharing to access free content,forced_action
"Notice: No thanks, No thanks, I don't want free unlimited access.",confirmshaming
Change Password,normal
Important: Deceptive privacy setting: 'Enhance your experience' secretly enables microphone & location telemetry (Now),privacy_manipulation
Alert: Pre-selected: Enroll me in auto-bill pay and recurring monthly membership [Default On]!,preselection
"Notice: No thanks, No, I prefer wasting time and paying full price.",confirmshaming
Clear filter (Standard Rate),normal
🔥 In high demand! 48 purchased in the last hour!,scarcity
Alert: You are required to share your location and contact list to access this feature - Action Required!,forced_action
Update: Deceptive button: 'Download Now' installs third-party adware instead of software (Deceptive Button) - Click here,misdirection
"Alert: Select: No, I don't want to save money and prefer paying full price!",confirmshaming
Alert: ⚠️ Account creation and promotional consent required to view price - Action Required!,forced_action
Alert: Obstacle-ridden privacy controls: Rejecting cookies requires toggling 200 individual vendor switches!,privacy_manipulation
"Alert: No, I don't care about getting the best value!",confirmshaming
🔥 Selling fast! Only 2 left in stock!,scarcity
"UI Element: Privacy confirmshaming: 'No, I don't care about my online privacy and safety' [Details]",privacy_manipulation
Browse contact form,normal
Alert: Required step: consent to third-party marketing to enable button - Action Required!,forced_action
"Notice: ⚠️ To continue, you must agree to receive daily promotional SMS messages - Action Required.",forced_action
In high demand! 48 purchased in the last hour!,scarcity
Update: Obstacle-ridden privacy controls: Rejecting cookies requires toggling 200 individual vendor switches [Privacy Dark Pattern] - Click here,privacy_manipulation
⚠️ Over 2 people are viewing this offer currently!,scarcity
⚡ Time is running out! Lock in your low rate now!,urgency
Update: Pre-selected: Enroll me in auto-bill pay and recurring monthly membership - Auto-enrolled - Click here,preselection
Notice: Big Green Button: ACCEPT ALL EXTRA CHARGES | Small grey text: Skip optional add-on.,misdirection
Notice: You must download our toolbar application to view this content [Required].,forced_action
Must agree to mandatory data sharing to access free content - Action Required,forced_action
HURRY! ONLY 05 MINUTES LEFT TO CLAIM 50% OFF!,urgency
⚠️ 3 people have this product in their cart right now!,scarcity
Forced tracking consent: You must accept cross-site tracking cookies to view this page [Privacy Dark Pattern],privacy_manipulation
High demand! Only 4 units available!,scarcity
Important: Checked by default: Keep me logged in and allow persistent tracking cookies [Default On] (Now),preselection
Notice: Required: Subscribe to our partner offers to unlock your free trial - Action Required.,forced_action
Important: Confusing double negative: Check box to refrain from not receiving marketing emails (Deceptive Button) (Now),misdirection
"Important: Deceptive account privacy: Default settings set user profile, photos, and location to Public (Cookie Consent Trick) (Now)",privacy_manipulation
Update: Confusing wording: Uncheck this box if you DO NOT wish to NOT receive promotional offers -> Misdirection - Click here,misdirection
Battery Life: up to 12 hours | Customer Care,normal
"Notice: Option: No, I don't want to save money and prefer paying full price.",confirmshaming
"Notice: Option: No, I don't want to protect my account with security updates.",confirmshaming
"Important: Privacy manipulation: 'Accept All Cookies' button highlighted, 'Reject All' button disabled/hidden -> Privacy Violation (Now)",privacy_manipulation
Urgent! Claim your free gift within 02 minutes!,urgency
"Alert: Option: No, I don't want VIP perks and special benefits!",confirmshaming
Specification Sheet,normal
Misleading cookie banner: 'By remaining on this site you consent to full data collection & ad profiling' (Cookie Consent Trick),privacy_manipulation
"To read this article, you must subscribe to our daily email newsletter - Action Required",forced_action
Hurry! Only 15 minutes left to claim 50% off!,urgency
Important: Checked by default: Add optional magazine subscription ($9.99/mo) to cart [Default On] (Now),preselection
⚠️ Low inventory warning: only 7 units remain!,scarcity
FAQ - Learn More,normal
"No thanks, No, keep my order expensive",confirmshaming
Notice: Pre-checked: I agree to receive marketing communications from 50+ third-party sponsors.,preselection
Important: Misleading layout: 'X' button on popup actually opens promotional offer page - Visual Trickery (Now),misdirection
"Notice: No thanks, No thanks, I'd rather miss out on amazing savings.",confirmshaming
Update Billing Info,normal
⚡ Hurry! Sale price available for a limited time only!,urgency
Alert: You must allow push notifications to continue using this website [Required]!,forced_action
Alert: Pre-checked: Sign me up for VIP rewards club membership ($19.99/month) - Auto-enrolled!,preselection
Alert: Misleading button label: 'Continue Free Trial' secretly charges $49.99 after 3 days [Misleading UI]!,misdirection
Update: Pre-selected default: Add optional carbon offset donation ($2.50) to order - Auto-enrolled - Click here,preselection
⚠️ Limited stock available! Only 1 items left for immediate dispatch!,scarcity
Required step: consent to third-party marketing to enable button (Mandatory),forced_action
UI Element: Pre-selected: Upgrade my ticket to non-refundable premium tier automatically (Pre-selected) [Details],preselection
Returns & Exchanges - Official Store,normal
Update: Confusing wording: Uncheck this box if you DO NOT wish to NOT receive promotional offers [Misleading UI] - Click here,misdirection
UI Element: Misleading layout: 'X' button on popup actually opens promotional offer page -> Misdirection [Details],misdirection
"Hurry, discount applies only if purchased right now!",urgency
Update: Misleading cookie banner: 'By remaining on this site you consent to full data collection & ad profiling' [Privacy Dark Pattern] - Click here,privacy_manipulation
"Alert: No thanks, No, I prefer wasting time and paying full price!",confirmshaming
"Notice: Option: Nah, I'll pass on saving $50 today.",confirmshaming
⚠️ Hurry up! Just 12 spots available at this price!,scarcity
LAST CHANCE! OFFER ENDS IN 45:59!,urgency
"Alert: Select: No, keep my order expensive!",confirmshaming
Alert: Must agree to mandatory data sharing to access free content!,forced_action
Notice: ⚠️ Account creation and promotional consent required to view price -> Must agree to continue.,forced_action
Notice: DISCOUNT CODE VALID FOR THE NEXT 02 MINUTES ONLY!.,urgency
Technical Specifications - Learn More,normal
"Alert: Select: No, I don't care about getting the best value!",confirmshaming
"Notice: Privacy manipulation: 'Accept All Cookies' button highlighted, 'Reject All' button disabled/hidden [Privacy Dark Pattern].",privacy_manipulation
Explore terms of use,normal
⚡ Discount code valid for the next 05 minutes only!,urgency
⚠️ Only 5 left at this discounted rate!,scarcity
"Deceptive account privacy: Default settings set user profile, photos, and location to Public [Privacy Dark Pattern]",privacy_manipulation
"HURRY, DISCOUNT APPLIES ONLY IF PURCHASED RIGHT NOW!",urgency
Primary highlighted button: 'ADD EVERYTHING TO CART' | Hidden text: 'No thanks' (Deceptive Button),misdirection
Redeem points - Available now,normal
HURRY! OFFER EXPIRES IN 02:59 MINUTES!,urgency
Notice: Deceptive consent: Click 'I Agree' to sell your personal location and demographic data -> Privacy Violation.,privacy_manipulation
Alert: Pre-selected: Upgrade my ticket to non-refundable premium tier automatically (Checked)!,preselection
⚠️ Required action: Join our rewards program to complete your order,forced_action
"Alert: Click here: No, I don't want VIP perks and special benefits!",confirmshaming
"Notice: Option: No, I don't want VIP perks and special benefits.",confirmshaming
Update: Deceptive button: 'Download Now' installs third-party adware instead of software - Visual Trickery - Click here,misdirection
"UI Element: Ambiguous action: 'Yes, don't show this again' enables background data collection [Details]",misdirection
Dimensions: 10 x 5 x 2 inches (Standard Rate),normal
Tax: $4.00 (Standard Rate),normal
"Important: Deceptive account privacy: Default settings set user profile, photos, and location to Public (Now)",privacy_manipulation
Notice: ⚠️ Account creation and promotional consent required to view price (Mandatory).,forced_action
Follow us on Twitter - Available now,normal
Selected: Automatically renew my subscription every month at full price (Pre-selected),preselection
Misleading layout: 'X' button on popup actually opens promotional offer page,misdirection
Alert: Must agree to mandatory data sharing to access free content (Mandatory)!,forced_action
⚡ Hurry! Offer expires in 30:45 minutes!,urgency
Last chance! Offer ends in 30:30!,urgency
ONLY 45 MINUTES LEFT TO QUALIFY FOR FREE EXPRESS SHIPPING!,urgency
Hurry! Offer expires in 02:15 minutes!,urgency
Notice: Pre-checked privacy consent: Automatically agree to share personal data with third-party brokers [Privacy Dark Pattern].,privacy_manipulation
"No thanks, I'd rather miss out on amazing savings",confirmshaming
UI Element: Forced tracking consent: You must accept cross-site tracking cookies to view this page [Privacy Dark Pattern] [Details],privacy_manipulation
COUNTDOWN TIMER: 15 MINS 00 SECS REMAINING!,urgency
We value your privacy: Accept All Cookies & Data Selling (One-click) vs 15-step manual opt-out,privacy_manipulation
"Notice: ⚠️ To read this article, you must subscribe to our daily email newsletter [Required].",forced_action
Update: Pre-checked: Sign me up for VIP rewards club membership ($19.99/month) (Pre-selected) - Click here,preselection
Important: Default checked: Share my browsing profile with advertising network partners (Pre-selected) (Now),preselection
Alert: Misleading button label: 'Continue Free Trial' secretly charges $49.99 after 3 days -> Misdirection!,misdirection
Update: Visual hierarchy trick: Huge 'UPGRADE NOW' button next to faded unclickable 'No thanks' -> Misdirection - Click here,misdirection
COUNTDOWN TIMER: 45 MINS 15 SECS REMAINING!,urgency
⚠️ Account creation and promotional consent required to view price - Action Required,forced_action
⚠️ Only 48 items left before backorder!,scarcity
Update: Checked by default: Add $4.99 premium shipping protection insurance to my order [Default On] - Click here,preselection
UI Element: Pre-selected: Enroll me in auto-bill pay and recurring monthly membership [Details],preselection
Sign Up - Click here,normal
"UI Element: Deceptive account privacy: Default settings set user profile, photos, and location to Public - Data Exploitation [Details]",privacy_manipulation
Important: Selected: Automatically renew my subscription every month at full price (Checked) (Now),preselection
Notice: Confusing privacy toggle: 'Disable Non-Essential Data Selling' (Default: OFF) - Data Exploitation.,privacy_manipulation
"Alert: No, I don't want free shipping and exclusive discounts - I'll pay full price!",confirmshaming
⚠️ You must download our toolbar application to view this content [Required],forced_action
"Ambiguous action: 'Yes, don't show this again' enables background data collection (Deceptive Button)",misdirection
UI Element: Manipulative privacy choice: 'Allow tracking to keep service free' vs 'Pay $10/mo to opt-out of tracking' [Details],privacy_manipulation
Update: Deceptive privacy setting: 'Enhance your experience' secretly enables microphone & location telemetry -> Privacy Violation - Click here,privacy_manipulation
"Update: Deceptive account privacy: Default settings set user profile, photos, and location to Public (Cookie Consent Trick) - Click here",privacy_manipulation
⚠️ Over 48 people are viewing this offer currently!,scarcity
"Notice: Click here: No thanks, I hate saving money.",confirmshaming
⚠️ Mandatory newsletter registration required to proceed to download (Mandatory),forced_action
Store Locator | Customer Care,normal
⚡ Countdown timer: 30 mins 45 secs remaining!,urgency
Returns & Exchanges - Learn More,normal
"UI Element: Privacy manipulation: 'Accept All Cookies' button highlighted, 'Reject All' button disabled/hidden [Details]",privacy_manipulation
⚠️ You must download our toolbar application to view this content - Action Required,forced_action
Must agree to mandatory data sharing to access free content -> Must agree to continue,forced_action
Free Shipping on orders over $50 [Verified],normal
Notice: Confusing double negative: Check box to refrain from not receiving marketing emails -> Misdirection.,misdirection
UI Element: Misleading button label: 'Continue Free Trial' secretly charges $49.99 after 3 days - Visual Trickery [Details],misdirection
Important: Confusing double negative: Check box to refrain from not receiving marketing emails (Now),misdirection
"Ambiguous action: 'Yes, don't show this again' enables background data collection",misdirection
🔥 Only 3 items left before backorder!,scarcity
⚠️ Only 12 items left before backorder!,scarcity
"Notice: Select: No thanks, I don't want a 20% discount on my purchase.",confirmshaming
Battery Life: up to 12 hours - Click here,normal
⚡ Don't wait! Flash sale ending shortly!,urgency
Alert: ⚠️ Compulsory registration: enter phone number and permit marketing calls to proceed [Required]!,forced_action
⚡ Countdown timer: 45 mins 15 secs remaining!,urgency
Check refund policy,normal
Alert: Mandatory survey completion required before downloading your file!,forced_action
⚡ Hurry! Only 05 minutes left to claim 50% off!,urgency
Add to Cart - Available now,normal
Alert: ⚠️ Mandatory newsletter registration required to proceed to download (Mandatory)!,forced_action
⚡ Countdown timer: 10 mins 45 secs remaining!,urgency
⚠️ Popular item! Only 5 left in our inventory!,scarcity
Buy Now - Available now,normal
Open contact form,normal
"Update: Deceptive choice: Click 'Cancel' to proceed with order, or 'OK' to abort (Deceptive Button) - Click here",misdirection
Notice: Pre-checked: Automatically sign me up for weekly marketing emails and partner offers (Checked).,preselection
UI Element: Pre-selected: Upgrade my ticket to non-refundable premium tier automatically (Checked) [Details],preselection
Update: Pre-checked: Sign me up for VIP rewards club membership ($19.99/month) - Auto-enrolled - Click here,preselection
Alert: Forced tracking consent: You must accept cross-site tracking cookies to view this page - Data Exploitation!,privacy_manipulation
"Notice: Privacy confirmshaming: 'No, I don't care about my online privacy and safety' - Data Exploitation.",privacy_manipulation
"Notice: Option: No, keep my order expensive.",confirmshaming
⚠️ Popular item! Only 23 left in our inventory!,scarcity
Alert: Big Green Button: ACCEPT ALL EXTRA CHARGES | Small grey text: Skip optional add-on [Misleading UI]!,misdirection
"Alert: No, I don't want VIP perks and special benefits (I'll pass)!",confirmshaming
⚠️ Stock is extremely low - only 7 items remaining!,scarcity
Hurry! Offer expires in 05:30 minutes!,urgency
Over 9 people are viewing this offer currently!,scarcity
UI Element: Misleading layout: 'X' button on popup actually opens promotional offer page - Visual Trickery [Details],misdirection
⚡ Flash Sale! Prices revert to full price in 15 minutes!,urgency
"No thanks, No, I don't care about getting the best value",confirmshaming
"Alert: Click here: No thanks, I'd rather miss out on amazing savings!",confirmshaming
UI Element: Pre-selected: Upgrade my ticket to non-refundable premium tier automatically [Details],preselection
Alert: Required action: Join our rewards program to complete your order -> Must agree to continue!,forced_action
"Notice: Select: No thanks, I don't want free unlimited access.",confirmshaming
"Alert: Select: No, I don't want VIP perks and special benefits!",confirmshaming
Alert: Pre-checked privacy consent: Automatically agree to share personal data with third-party brokers -> Privacy Violation!,privacy_manipulation
"Alert: No thanks, I don't want a 20% discount on my purchase (I'll pass)!",confirmshaming
"Notice: Select: No thanks, I prefer paying extra fees.",confirmshaming
Update: Allow all 500+ ad partners to track your activity across websites for personalized ads -> Privacy Violation - Click here,privacy_manipulation
"Update: Click here: Nah, I'll pass on saving $50 today - Click here",confirmshaming
"Notice: Select: No thanks, I don't care about saving money.",confirmshaming
"Notice: No thanks, No thanks, I hate saving money.",confirmshaming
Alert: Pre-selected: Enroll me in auto-bill pay and recurring monthly membership - Auto-enrolled!,preselection
Stock is extremely low - only 9 items remaining!,scarcity
"Option: Nah, I don't care about my security and privacy",confirmshaming
Notice: Checked by default: Add $4.99 premium shipping protection insurance to my order (Checked).,preselection
⚠️ Selling fast! Only 4 left in stock!,scarcity
"Select: Nah, I'll pass on saving $50 today",confirmshaming
You are required to share your location and contact list to access this feature [Required],forced_action
⚡ Only 10 minutes left to qualify for free express shipping!,urgency
Update: Visually prominent 'ACCEPT ALL SPONSORS' vs hidden invisible 'Reject all' button - Visual Trickery - Click here,misdirection
Important: Hard-to-find opt-out: 'Do Not Sell My Personal Information' link hidden in footer 8pt font (Now),privacy_manipulation
Order Summary - Learn More,normal
🔥 Only 23 items left before backorder!,scarcity
"Notice: No thanks, Nah, I don't care about my security and privacy.",confirmshaming
Update: Manipulative privacy choice: 'Allow tracking to keep service free' vs 'Pay $10/mo to opt-out of tracking' -> Privacy Violation - Click here,privacy_manipulation
"Alert: Select: Nah, I don't care about my security and privacy!",confirmshaming
Update: We value your privacy: Accept All Cookies & Data Selling (One-click) vs 15-step manual opt-out - Data Exploitation - Click here,privacy_manipulation
Deceptive privacy setting: 'Enhance your experience' secretly enables microphone & location telemetry,privacy_manipulation
"Alert: No, I prefer wasting time and paying full price (I'll pass)!",confirmshaming
Alert: Trick phrasing: Check if you do not want us to refrain from sharing your data (Deceptive Button)!,misdirection
Important: Pre-checked privacy consent: Automatically agree to share personal data with third-party brokers (Cookie Consent Trick) (Now),privacy_manipulation
"No thanks, I prefer paying extra fees (I'll pass)",confirmshaming
Contact Us,normal
FLASH SALE! PRICES REVERT TO FULL PRICE IN 15 MINUTES!,urgency
Forced tracking consent: You must accept cross-site tracking cookies to view this page,privacy_manipulation
Flash Sale! Prices revert to full price in 02 minutes!,urgency
Misleading layout: 'X' button on popup actually opens promotional offer page -> Misdirection,misdirection
Package includes charger,normal
"Notice: Nah, I don't want to protect my purchase warranty - I'll pay full price.",confirmshaming
"No thanks, I hate saving money",confirmshaming
FLASH SALE! PRICES REVERT TO FULL PRICE IN 45 MINUTES!,urgency
Email Notifications Preferences,normal
Important: Misleading cookie banner: 'By remaining on this site you consent to full data collection & ad profiling' - Data Exploitation (Now),privacy_manipulation
ONLY 02 MINUTES LEFT TO QUALIFY FOR FREE EXPRESS SHIPPING!,urgency
Notice: ⚠️ Compulsory registration: enter phone number and permit marketing calls to proceed - Action Required.,forced_action
Share on Facebook (Optional),normal
Countdown timer: 30 mins 45 secs remaining!,urgency
⚡ Hurry! Offer expires in 05:15 minutes!,urgency
Notice: Pre-selected box: Opt-in to promotional SMS text messaging and robo-calls [Default On].,preselection
"Notice: Click here: No thanks, I prefer paying extra fees.",confirmshaming
UI Element: Default checked option: Subscribe to newsletter and agree to partner data access (Checked) [Details],preselection
"No, I enjoy paying more money (I'll pass)",confirmshaming
Alert: You must download our toolbar application to view this content (Mandatory)!,forced_action
Update: Confusing double negative: Check box to refrain from not receiving marketing emails [Misleading UI] - Click here,misdirection
About Us - Click here,normal
"Select: No, I don't want to protect my account with security updates",confirmshaming
Clock is ticking! Get 30% off before timer expires!,urgency
Alert: ⚠️ You must download our toolbar application to view this content [Required]!,forced_action
View Cart - Available now,normal
"Alert: Option: Nah, I don't want to improve my skills and stay behind!",confirmshaming
Alert: Pre-checked: I agree to receive marketing communications from 50+ third-party sponsors!,preselection
"Deceptive choice: Click 'Cancel' to proceed with order, or 'OK' to abort",misdirection
Hurry! Offer expires in 30:00 minutes!,urgency
Important: Misleading button label: 'Continue Free Trial' secretly charges $49.99 after 3 days (Now),misdirection
Update: Pre-selected: Upgrade my ticket to non-refundable premium tier automatically - Auto-enrolled - Click here,preselection
Alert: Pre-selected: Enroll me in auto-bill pay and recurring monthly membership (Pre-selected)!,preselection
Important: Pre-checked: Sign me up for VIP rewards club membership ($19.99/month) [Default On] (Now),preselection
Update: Primary highlighted button: 'ADD EVERYTHING TO CART' | Hidden text: 'No thanks' - Visual Trickery - Click here,misdirection
Compare Items | Customer Care,normal
Save Changes - Learn More,normal
UI Element: Visual hierarchy trick: Huge 'UPGRADE NOW' button next to faded unclickable 'No thanks' -> Misdirection [Details],misdirection
URGENT! CLAIM YOUR FREE GIFT WITHIN 30 MINUTES!,urgency
🔥 In high demand! 9 purchased in the last hour!,scarcity
Pre-checked: Automatically sign me up for weekly marketing emails and partner offers - Auto-enrolled,preselection
⚡ Hurry up! Price goes back up at midnight!,urgency
Download User Manual - Available now,normal
UI Element: Default checked option: Subscribe to newsletter and agree to partner data access [Default On] [Details],preselection
Update: Misleading opt-out: 'Keep my discount' actually subscribes you to paid membership (Deceptive Button) - Click here,misdirection
"Important: Ambiguous action: 'Yes, don't show this again' enables background data collection -> Misdirection (Now)",misdirection
"Alert: No, keep my order expensive (I'll pass)!",confirmshaming
Notice: Default checked option: Subscribe to newsletter and agree to partner data access - Auto-enrolled.,preselection
Notice: Required step: consent to third-party marketing to enable button (Mandatory).,forced_action
Account creation and promotional consent required to view price -> Must agree to continue,forced_action
🔥 Only 15 left at this discounted rate!,scarcity
Notice: Last chance! Offer ends in 05:30!.,urgency
Store Locator - Details,normal
Deceptive button: 'Download Now' installs third-party adware instead of software,misdirection
Weight: 1.2 lbs - Official Store,normal
Category: Electronics,normal
Sale ends in 05 minutes!,urgency
In Stock (Optional),normal
Notice: Account creation and promotional consent required to view price - Action Required.,forced_action
Important: Primary highlighted button: 'ADD EVERYTHING TO CART' | Hidden text: 'No thanks' - Visual Trickery (Now),misdirection
⚡ Countdown timer: 05 mins 30 secs remaining!,urgency
Checked by default: Add $4.99 premium shipping protection insurance to my order (Checked),preselection
Notice: You must download our toolbar application to view this content.,forced_action
UI Element: Big Green Button: ACCEPT ALL EXTRA CHARGES | Small grey text: Skip optional add-on [Misleading UI] [Details],misdirection
Forced tracking consent: You must accept cross-site tracking cookies to view this page - Data Exploitation,privacy_manipulation
Limited stock available! Only 3 items left for immediate dispatch!,scarcity
⚠️ Only 23 items left before backorder!,scarcity
UI Element: Pre-selected box: Opt-in to promotional SMS text messaging and robo-calls [Default On] [Details],preselection
⚠️ Almost sold out! Only 15 remaining in warehouse!,scarcity
Notice: Accept All & Continue (Recommended) vs [Tiny link: Decline & customize] [Misleading UI].,misdirection
Notice: ⚠️ Required step: consent to third-party marketing to enable button.,forced_action
"Update: Select: No thanks, I hate saving money - Click here",confirmshaming
🔥 Limited stock available! Only 3 items left for immediate dispatch!,scarcity
⚠️ Required step: consent to third-party marketing to enable button [Required],forced_action
Alert: Deceptive consent renewal: Popup demands cookie permission repeatedly until user clicks Accept All [Privacy Dark Pattern]!,privacy_manipulation
⚡ Hurry! Offer expires in 30:00 minutes!,urgency
Update: Checked by default: Add $4.99 premium shipping protection insurance to my order (Pre-selected) - Click here,preselection
⚠️ Hurry up! Just 9 spots available at this price!,scarcity
"Select: Nah, I prefer paying full price for items",confirmshaming
UI Element: Prominent 'AGREE & PAY' button vs disguised 'Manage preferences' hyperlink -> Misdirection [Details],misdirection
"Privacy confirmshaming: 'No, I don't care about my online privacy and safety' - Data Exploitation",privacy_manipulation
HURRY! OFFER EXPIRES IN 05:30 MINUTES!,urgency
"Click here: Nah, I don't want to improve my skills and stay behind",confirmshaming
Important: Confusing privacy toggle: 'Disable Non-Essential Data Selling' (Default: OFF) -> Privacy Violation (Now),privacy_manipulation
Notice: We value your privacy: Accept All Cookies & Data Selling (One-click) vs 15-step manual opt-out [Privacy Dark Pattern].,privacy_manipulation
"Notice: No, I don't want free shipping and exclusive discounts.",confirmshaming
"Notice: No, I don't want to save money and prefer paying full price - I'll pay full price.",confirmshaming
Notice: Default checked: Share my browsing profile with advertising network partners - Auto-enrolled.,preselection
Default checked: Share my browsing profile with advertising network partners - Auto-enrolled,preselection
⚠️ Stock is extremely low - only 3 items remaining!,scarcity
⚠️ Hurry up! Just 1 spots available at this price!,scarcity
Estimated Delivery: 3-5 business days - Details,normal
Pre-selected: Automatically add extended warranty package ($14.99) to checkout,preselection
COUNTDOWN TIMER: 15 MINS 30 SECS REMAINING!,urgency
Alert: Misleading layout: 'X' button on popup actually opens promotional offer page - Visual Trickery!,misdirection
⚡ Only 45 minutes left to qualify for free express shipping!,urgency
⚡ Only 15 minutes left to qualify for free express shipping!,urgency
Update: Manipulative privacy choice: 'Allow tracking to keep service free' vs 'Pay $10/mo to opt-out of tracking' [Privacy Dark Pattern] - Click here,privacy_manipulation
Hurry up! Just 5 spots available at this price!,scarcity
Alert: Checked by default: Keep me logged in and allow persistent tracking cookies (Checked)!,preselection
"Notice: No thanks, No, keep my order expensive.",confirmshaming
Only 3 items left before backorder!,scarcity
Cancel Edit - Click here,normal
⚡ Last chance! Offer ends in 45:45!,urgency
Pre-checked privacy consent: Automatically agree to share personal data with third-party brokers [Privacy Dark Pattern],privacy_manipulation
🔥 1 people have this product in their cart right now!,scarcity
Best Sellers - Learn More,normal
Update: Big Green Button: ACCEPT ALL EXTRA CHARGES | Small grey text: Skip optional add-on [Misleading UI] - Click here,misdirection
UI Element: Pre-checked: Sign me up for VIP rewards club membership ($19.99/month) (Pre-selected) [Details],preselection
Update: Pre-checked checkbox: Opt-in to marketing telemetry and behavior profiling - Click here,preselection
Trick phrasing: Check if you do not want us to refrain from sharing your data [Misleading UI],misdirection
About Us - Available now,normal
"No thanks, I prefer paying extra fees",confirmshaming
Important: Pre-checked checkbox: Opt-in to marketing telemetry and behavior profiling - Auto-enrolled (Now),preselection
Estimated Delivery: 3-5 business days,normal
Hurry! Offer expires in 45:30 minutes!,urgency
Important: Trick phrasing: Check if you do not want us to refrain from sharing your data -> Misdirection (Now),misdirection
Alert: Deceptive button: 'Download Now' installs third-party adware instead of software!,misdirection
Alert: ⚠️ You must allow push notifications to continue using this website -> Must agree to continue!,forced_action
You must create an account and subscribe to promotional emails to complete checkout -> Must agree to continue,forced_action
Update: Checked by default: Add $4.99 premium shipping protection insurance to my order - Auto-enrolled - Click here,preselection
⚡ Countdown timer: 15 mins 45 secs remaining!,urgency
Notice: Required action: Join our rewards program to complete your order - Action Required.,forced_action
Alert: ⚠️ You are required to share your location and contact list to access this feature [Required]!,forced_action
Track Package - Click here,normal
Notice: Checked by default: Add $4.99 premium shipping protection insurance to my order [Default On].,preselection
Notice: Pre-selected: Automatically add extended warranty package ($14.99) to checkout [Default On].,preselection
Update: Primary highlighted button: 'ADD EVERYTHING TO CART' | Hidden text: 'No thanks' (Deceptive Button) - Click here,misdirection
🔥 Over 23 people are viewing this offer currently!,scarcity
"No, I don't want VIP perks and special benefits",confirmshaming
Back to top [Verified],normal
Email Notifications Preferences - Details,normal
Notice: ⚠️ You must create an account and subscribe to promotional emails to complete checkout [Required].,forced_action
Share on Facebook | Customer Care,normal
"No, I don't care about getting the best value",confirmshaming
Click to enlarge image - Official Store,normal
Notice: Misleading layout: 'X' button on popup actually opens promotional offer page.,misdirection
⚠️ High demand! Only 7 units available!,scarcity
HURRY! OFFER EXPIRES IN 10:00 MINUTES!,urgency
UI Element: Confusing privacy toggle: 'Disable Non-Essential Data Selling' (Default: OFF) -> Privacy Violation [Details],privacy_manipulation
Almost sold out! Only 12 remaining in warehouse!,scarcity
Important: Pre-checked: Sign me up for VIP rewards club membership ($19.99/month) (Pre-selected) (Now),preselection
"Select: No thanks, I don't want free unlimited access",confirmshaming
Update: Deceptive consent: Click 'I Agree' to sell your personal location and demographic data (Cookie Consent Trick) - Click here,privacy_manipulation
Important: Forced tracking consent: You must accept cross-site tracking cookies to view this page [Privacy Dark Pattern] (Now),privacy_manipulation
Specification Sheet (Optional),normal
Alert: Misleading opt-out: 'Keep my discount' actually subscribes you to paid membership - Visual Trickery!,misdirection
ONLY 15 MINUTES LEFT TO QUALIFY FOR FREE EXPRESS SHIPPING!,urgency
"Update: Privacy manipulation: 'Accept All Cookies' button highlighted, 'Reject All' button disabled/hidden -> Privacy Violation - Click here",privacy_manipulation
Notice: Compulsory registration: enter phone number and permit marketing calls to proceed.,forced_action
⚠️ Stock is extremely low - only 2 items remaining!,scarcity
View Cart (Optional),normal
Pre-selected: Enroll me in auto-bill pay and recurring monthly membership [Default On],preselection
Update: Default checked option: Subscribe to newsletter and agree to partner data access - Click here,preselection
⚡ Discount code valid for the next 10 minutes only!,urgency
Best Sellers - Available now,normal
UI Element: Confusing privacy toggle: 'Disable Non-Essential Data Selling' (Default: OFF) [Details],privacy_manipulation
UI Element: Pre-selected: Automatically add extended warranty package ($14.99) to checkout (Checked) [Details],preselection
You must create an account and subscribe to promotional emails to complete checkout - Action Required,forced_action
Over 2 people are viewing this offer currently!,scarcity
Secure Checkout SSL Encrypted (Optional),normal
UI Element: Confusing wording: Uncheck this box if you DO NOT wish to NOT receive promotional offers [Details],misdirection
⚠️ Must agree to mandatory data sharing to access free content (Mandatory),forced_action
"Important: Ambiguous action: 'Yes, don't show this again' enables background data collection - Visual Trickery (Now)",misdirection
"Notice: ⚠️ To continue, you must agree to receive daily promotional SMS messages [Required].",forced_action
Important: Pre-selected default: Add optional carbon offset donation ($2.50) to order (Pre-selected) (Now),preselection
"Notice: No thanks, Nah, I'll pass on saving $50 today.",confirmshaming
Important: Misleading layout: 'X' button on popup actually opens promotional offer page [Misleading UI] (Now),misdirection
FLASH SALE! PRICES REVERT TO FULL PRICE IN 05 MINUTES!,urgency
Filter by price - Learn More,normal
URGENT! CLAIM YOUR FREE GIFT WITHIN 10 MINUTES!,urgency
Important: Selected: Automatically renew my subscription every month at full price (Pre-selected) (Now),preselection
LAST CHANCE! OFFER ENDS IN 02:00!,urgency
Notice: Pre-selected box: Opt-in to promotional SMS text messaging and robo-calls (Pre-selected).,preselection
TIME IS RUNNING OUT! LOCK IN YOUR LOW RATE NOW!,urgency
⚡ Countdown timer: 15 mins 30 secs remaining!,urgency
Important: Confusing wording: Uncheck this box if you DO NOT wish to NOT receive promotional offers (Deceptive Button) (Now),misdirection
UI Element: Deceptive button: 'Download Now' installs third-party adware instead of software [Details],misdirection
"Privacy confirmshaming: 'No, I don't care about my online privacy and safety' (Cookie Consent Trick)",privacy_manipulation
"Notice: Deceptive choice: Click 'Cancel' to proceed with order, or 'OK' to abort.",misdirection
"Alert: Select: No, I don't want free shipping and exclusive discounts!",confirmshaming
Notice: Default checked option: Subscribe to newsletter and agree to partner data access (Pre-selected).,preselection
⚠️ Mandatory software installation required to proceed to website,forced_action
Stock is extremely low - only 1 items remaining!,scarcity
Alert: ⚠️ You must download our toolbar application to view this content!,forced_action
"Option: Nah, I don't want to protect my purchase warranty",confirmshaming
Select catalog,normal
Alert: ⚠️ Mandatory survey completion required before downloading your file - Action Required!,forced_action
Over 15 people are viewing this offer currently!,scarcity
URGENT! CLAIM YOUR FREE GIFT WITHIN 15 MINUTES!,urgency
Notice: ⚠️ Account creation and promotional consent required to view price [Required].,forced_action
Alert: Deceptive button: 'Download Now' installs third-party adware instead of software (Deceptive Button)!,misdirection
Notice: Confusing privacy toggle: 'Disable Non-Essential Data Selling' (Default: OFF) (Cookie Consent Trick).,privacy_manipulation
Alert: Required action: Join our rewards program to complete your order [Required]!,forced_action
View Cart | Customer Care,normal
Only 48 left at this discounted rate!,scarcity
Hurry! Offer expires in 02:00 minutes!,urgency
Search results for headphones,normal
Notice: ⚠️ You must allow push notifications to continue using this website -> Must agree to continue.,forced_action
Important: Checked by default: Keep me logged in and allow persistent tracking cookies - Auto-enrolled (Now),preselection
Important: Pre-checked privacy consent: Automatically agree to share personal data with third-party brokers -> Privacy Violation (Now),privacy_manipulation
Update: Pre-checked: Automatically sign me up for weekly marketing emails and partner offers (Pre-selected) - Click here,preselection
"No, I don't want to save money and prefer paying full price (I'll pass)",confirmshaming
"No thanks, No, I don't want to protect my account with security updates",confirmshaming
"Notice: Option: No, I prefer being uninformed and losing out on deals.",confirmshaming
"Alert: Option: No, I don't want to protect my account with security updates!",confirmshaming
Alert: You must allow push notifications to continue using this website (Mandatory)!,forced_action
Secure Checkout SSL Encrypted (Standard Rate),normal
Page 1 of 5 | Customer Care,normal
"Nah, I don't care about my security and privacy (I'll pass)",confirmshaming
"Update: Nah, I don't want to protect my purchase warranty - I'll pay full price - Click here",confirmshaming
Order Summary - Available now,normal
Important: Default checked option: Subscribe to newsletter and agree to partner data access (Now),preselection
You must allow push notifications to continue using this website,forced_action
"Alert: No thanks, No, keep my order expensive!",confirmshaming
Update: Deceptive consent renewal: Popup demands cookie permission repeatedly until user clicks Accept All (Cookie Consent Trick) - Click here,privacy_manipulation
Notice: Pre-checked: I agree to receive marketing communications from 50+ third-party sponsors (Checked).,preselection
Only 48 items left in stock!,scarcity
🔥 Low inventory warning: only 5 units remain!,scarcity
Stock is extremely low - only 5 items remaining!,scarcity
"Alert: To continue, you must agree to receive daily promotional SMS messages - Action Required!",forced_action
"Nah, I'll pass on saving $50 today",confirmshaming
⚡ Countdown timer: 30 mins 59 secs remaining!,urgency
UI Element: Pre-selected default: Add optional carbon offset donation ($2.50) to order (Checked) [Details],preselection
Manufacturer Warranty included (Standard Rate),normal
"Ambiguous action: 'Yes, don't show this again' enables background data collection [Misleading UI]",misdirection
Check menu,normal
Notice: ⚠️ You are required to share your location and contact list to access this feature (Mandatory).,forced_action
⚡ Countdown timer: 10 mins 15 secs remaining!,urgency
Alert: Visual hierarchy trick: Huge 'UPGRADE NOW' button next to faded unclickable 'No thanks' (Deceptive Button)!,misdirection
Alert: Default checked: Share my browsing profile with advertising network partners (Checked)!,preselection
⚠️ Hurry! Only 48 left - order soon!,scarcity
Notice: Misleading cookie banner: 'By remaining on this site you consent to full data collection & ad profiling' (Cookie Consent Trick).,privacy_manipulation
"Update: Privacy confirmshaming: 'No, I don't care about my online privacy and safety' -> Privacy Violation - Click here",privacy_manipulation
"Option: Nah, I don't want to improve my skills and stay behind",confirmshaming
FAQ (Standard Rate),normal
⚠️ Only 9 left at this discounted rate!,scarcity
🔥 3 people have this product in their cart right now!,scarcity
Sort by relevance - Learn More,normal
"Update: Option: No thanks, I don't want free unlimited access - Click here",confirmshaming
We value your privacy: Accept All Cookies & Data Selling (One-click) vs 15-step manual opt-out - Data Exploitation,privacy_manipulation
🔥 Popular item! Only 5 left in our inventory!,scarcity
Almost sold out! Only 48 remaining in warehouse!,scarcity
UI Element: Checked by default: Add $4.99 premium shipping protection insurance to my order - Auto-enrolled [Details],preselection
Alert: Pre-selected box: Opt-in to promotional SMS text messaging and robo-calls [Default On]!,preselection
Update: Pre-selected: Upgrade my ticket to non-refundable premium tier automatically (Checked) - Click here,preselection
Dimensions: 10 x 5 x 2 inches - Click here,normal
Confusing privacy toggle: 'Disable Non-Essential Data Selling' (Default: OFF) [Privacy Dark Pattern],privacy_manipulation
Important: Default checked option: Subscribe to newsletter and agree to partner data access [Default On] (Now),preselection
"UI Element: Deceptive account privacy: Default settings set user profile, photos, and location to Public (Cookie Consent Trick) [Details]",privacy_manipulation
UI Element: Confusing double negative: Check box to refrain from not receiving marketing emails - Visual Trickery [Details],misdirection
HURRY! OFFER EXPIRES IN 45:45 MINUTES!,urgency
Back to top - Details,normal
⚠️ In high demand! 9 purchased in the last hour!,scarcity
"Alert: To continue, you must agree to receive daily promotional SMS messages (Mandatory)!",forced_action
Notice: Last chance! Offer ends in 30:15!.,urgency
Notice: Allow all 500+ ad partners to track your activity across websites for personalized ads [Privacy Dark Pattern].,privacy_manipulation
⚡ Hurry! Offer expires in 02:00 minutes!,urgency
⚠️ Limited stock available! Only 9 items left for immediate dispatch!,scarcity
Alert: Misleading layout: 'X' button on popup actually opens promotional offer page [Misleading UI]!,misdirection
⚠️ Mandatory survey completion required before downloading your file - Action Required,forced_action
Checked by default: Keep me logged in and allow persistent tracking cookies (Pre-selected),preselection
"No thanks, No, I don't want VIP perks and special benefits",confirmshaming
Pre-checked: Sign me up for VIP rewards club membership ($19.99/month),preselection
"Update: Select: No, I don't care about getting the best value - Click here",confirmshaming
Notice: Mandatory survey completion required before downloading your file.,forced_action
Hurry! Offer expires in 45:15 minutes!,urgency
⚠️ Hurry up! Just 4 spots available at this price!,scarcity
⚡ Hurry! Offer expires in 02:45 minutes!,urgency
Browse branch list,normal
ONLY 10 MINUTES LEFT TO QUALIFY FOR FREE EXPRESS SHIPPING!,urgency
Selling fast! Only 2 left in stock!,scarcity
"Alert: Nah, I don't want to improve my skills and stay behind - I'll pay full price!",confirmshaming
Update: Checked by default: Add $4.99 premium shipping protection insurance to my order (Checked) - Click here,preselection
⚠️ In high demand! 3 purchased in the last hour!,scarcity
Almost sold out! Only 23 remaining in warehouse!,scarcity
COUNTDOWN TIMER: 30 MINS 45 SECS REMAINING!,urgency
Notice: ⚠️ Required step: consent to third-party marketing to enable button -> Must agree to continue.,forced_action
Sale ends in 30 minutes!,urgency
No items matched your search query | Customer Care,normal
⚠️ Required: Subscribe to our partner offers to unlock your free trial (Mandatory),forced_action
"UI Element: Privacy manipulation: 'Accept All Cookies' button highlighted, 'Reject All' button disabled/hidden (Cookie Consent Trick) [Details]",privacy_manipulation
⚠️ Hurry! Only 4 left - order soon!,scarcity
Primary highlighted button: 'ADD EVERYTHING TO CART' | Hidden text: 'No thanks',misdirection
🔥 Stock is extremely low - only 3 items remaining!,scarcity
Best Sellers - Details,normal
Notice: Account creation and promotional consent required to view price (Mandatory).,forced_action
"No thanks, No, I prefer being uninformed and losing out on deals",confirmshaming
Alert: ⚠️ Mandatory newsletter registration required to proceed to download [Required]!,forced_action
Important: We value your privacy: Accept All Cookies & Data Selling (One-click) vs 15-step manual opt-out - Data Exploitation (Now),privacy_manipulation
"Notice: Nah, I don't care about my security and privacy.",confirmshaming
⚡ Urgent! Claim your free gift within 10 minutes!,urgency
Alert: Confusing privacy toggle: 'Disable Non-Essential Data Selling' (Default: OFF) - Data Exploitation!,privacy_manipulation
"Deceptive account privacy: Default settings set user profile, photos, and location to Public - Data Exploitation",privacy_manipulation
Alert: ⚠️ Mandatory survey completion required before downloading your file [Required]!,forced_action
Limited stock available! Only 2 items left for immediate dispatch!,scarcity
Clear filter - Learn More,normal
"Notice: Deceptive account privacy: Default settings set user profile, photos, and location to Public (Cookie Consent Trick).",privacy_manipulation
Alert: Default checked option: Subscribe to newsletter and agree to partner data access [Default On]!,preselection
Notice: Accept All & Continue (Recommended) vs [Tiny link: Decline & customize] (Deceptive Button).,misdirection
Notice: Checked by default: Add optional magazine subscription ($9.99/mo) to cart (Checked).,preselection
Notice: SALE ENDS IN 05 MINUTES!.,urgency
"Notice: No, I enjoy paying more money (I'll pass).",confirmshaming
Payment Method: Credit Card,normal
Accept All & Continue (Recommended) vs [Tiny link: Decline & customize] [Misleading UI],misdirection
"Alert: Select: Nah, I prefer paying full price for items!",confirmshaming
LAST CHANCE! OFFER ENDS IN 45:30!,urgency
UI Element: Visually prominent 'ACCEPT ALL SPONSORS' vs hidden invisible 'Reject all' button (Deceptive Button) [Details],misdirection
"Notice: No thanks, No, I don't want to protect my account with security updates.",confirmshaming
Alert: Accept All & Continue (Recommended) vs [Tiny link: Decline & customize] (Deceptive Button)!,misdirection
Notice: You must allow push notifications to continue using this website.,forced_action
UI Element: We value your privacy: Accept All Cookies & Data Selling (One-click) vs 15-step manual opt-out [Details],privacy_manipulation
Shipping Address [Verified],normal
UI Element: Prominent 'AGREE & PAY' button vs disguised 'Manage preferences' hyperlink - Visual Trickery [Details],misdirection
"Update: Select: No, I don't want VIP perks and special benefits - Click here",confirmshaming
"Update: Ambiguous action: 'Yes, don't show this again' enables background data collection - Visual Trickery - Click here",misdirection
Confusing privacy toggle: 'Disable Non-Essential Data Selling' (Default: OFF) (Cookie Consent Trick),privacy_manipulation
Page 1 of 5 - Available now,normal
Countdown timer: 02 mins 15 secs remaining!,urgency
Change Password | Customer Care,normal
Notice: Selected: Automatically renew my subscription every month at full price - Auto-enrolled.,preselection
Returns & Exchanges | Customer Care,normal
Best Sellers - Official Store,normal
Download privacy statement,normal
Update: Selected: Automatically renew my subscription every month at full price - Click here,preselection
"No thanks, I hate saving money (I'll pass)",confirmshaming
Important: Checked by default: Keep me logged in and allow persistent tracking cookies (Pre-selected) (Now),preselection
Important: Visually prominent 'ACCEPT ALL SPONSORS' vs hidden invisible 'Reject all' button -> Misdirection (Now),misdirection
Alert: ⚠️ You are required to share your location and contact list to access this feature - Action Required!,forced_action
"Privacy manipulation: 'Accept All Cookies' button highlighted, 'Reject All' button disabled/hidden -> Privacy Violation",privacy_manipulation
Alert: Misleading cookie banner: 'By remaining on this site you consent to full data collection & ad profiling'!,privacy_manipulation
"Alert: To continue, you must agree to receive daily promotional SMS messages -> Must agree to continue!",forced_action
Alert: Deceptive button: 'Download Now' installs third-party adware instead of software [Misleading UI]!,misdirection
"No thanks, I don't want a 20% discount on my purchase (I'll pass)",confirmshaming
🔥 Only 2 items left before backorder!,scarcity
Countdown timer: 02 mins 30 secs remaining!,urgency
UI Element: Pre-selected: Enroll me in auto-bill pay and recurring monthly membership - Auto-enrolled [Details],preselection
Important: Misleading opt-out: 'Keep my discount' actually subscribes you to paid membership - Visual Trickery (Now),misdirection
"Click here: No, I don't care about getting the best value",confirmshaming
Search results for headphones - Details,normal
🔥 Low inventory warning: only 12 units remain!,scarcity
Important: Pre-selected: Upgrade my ticket to non-refundable premium tier automatically (Now),preselection
UI Element: We value your privacy: Accept All Cookies & Data Selling (One-click) vs 15-step manual opt-out -> Privacy Violation [Details],privacy_manipulation
Important: Pre-selected: Upgrade my ticket to non-refundable premium tier automatically (Checked) (Now),preselection
Read our blog,normal
Update: Misleading opt-out: 'Keep my discount' actually subscribes you to paid membership [Misleading UI] - Click here,misdirection
Alert: Default checked: Share my browsing profile with advertising network partners!,preselection
Notice: You must create an account and subscribe to promotional emails to complete checkout - Action Required.,forced_action
"Update: Deceptive account privacy: Default settings set user profile, photos, and location to Public - Click here",privacy_manipulation
Notice: Big Green Button: ACCEPT ALL EXTRA CHARGES | Small grey text: Skip optional add-on (Deceptive Button).,misdirection
Notice: Big Green Button: ACCEPT ALL EXTRA CHARGES | Small grey text: Skip optional add-on - Visual Trickery.,misdirection
Update: Trick phrasing: Check if you do not want us to refrain from sharing your data (Deceptive Button) - Click here,misdirection
Notice: ⚠️ Compulsory registration: enter phone number and permit marketing calls to proceed.,forced_action
⚡ Countdown timer: 45 mins 59 secs remaining!,urgency
UI Element: Selected: Automatically renew my subscription every month at full price (Checked) [Details],preselection
"Select: No thanks, I'd rather miss out on amazing savings",confirmshaming
We value your privacy: Accept All Cookies & Data Selling (One-click) vs 15-step manual opt-out (Cookie Consent Trick),privacy_manipulation
Contact Us (Standard Rate),normal
Important: Misleading button label: 'Continue Free Trial' secretly charges $49.99 after 3 days (Deceptive Button) (Now),misdirection
Notice: Mandatory survey completion required before downloading your file (Mandatory).,forced_action
URGENT! CLAIM YOUR FREE GIFT WITHIN 05 MINUTES!,urgency
Notice: Primary highlighted button: 'ADD EVERYTHING TO CART' | Hidden text: 'No thanks' -> Misdirection.,misdirection
Update: Obstacle-ridden privacy controls: Rejecting cookies requires toggling 200 individual vendor switches - Click here,privacy_manipulation
"Update: No, I don't care about getting the best value - Click here",confirmshaming
Hurry up! Price goes back up at midnight!,urgency
Notice: Must agree to mandatory data sharing to access free content [Required].,forced_action
Misleading cookie banner: 'By remaining on this site you consent to full data collection & ad profiling' [Privacy Dark Pattern],privacy_manipulation
Notice: Pre-checked checkbox: Opt-in to marketing telemetry and behavior profiling [Default On].,preselection
Default checked: Share my browsing profile with advertising network partners (Pre-selected),preselection
Notice: Deceptive privacy setting: 'Enhance your experience' secretly enables microphone & location telemetry - Data Exploitation.,privacy_manipulation
Alert: ⚠️ You must download our toolbar application to view this content -> Must agree to continue!,forced_action
"Alert: Option: No, I prefer wasting time and paying full price!",confirmshaming
Download PDF Invoice,normal
"Alert: No, I don't want free shipping and exclusive discounts (I'll pass)!",confirmshaming
🔥 Popular item! Only 3 left in our inventory!,scarcity
🔥 High demand! Only 48 units available!,scarcity
UI Element: Primary highlighted button: 'ADD EVERYTHING TO CART' | Hidden text: 'No thanks' [Details],misdirection
You must download our toolbar application to view this content -> Must agree to continue,forced_action
Hurry! Only 30 minutes left to claim 50% off!,urgency
User Profile [Verified],normal
Pre-selected default: Add optional carbon offset donation ($2.50) to order (Checked),preselection
Notice: Misleading button label: 'Continue Free Trial' secretly charges $49.99 after 3 days [Misleading UI].,misdirection
Only 4 items left in stock!,scarcity
"Notice: No thanks, No, I don't care about getting the best value.",confirmshaming
Update: Selected: Automatically renew my subscription every month at full price (Pre-selected) - Click here,preselection
Alert: Checked by default: Add $4.99 premium shipping protection insurance to my order (Pre-selected)!,preselection
Low inventory warning: only 12 units remain!,scarcity
Order Summary (Standard Rate),normal
"UI Element: Deceptive choice: Click 'Cancel' to proceed with order, or 'OK' to abort [Details]",misdirection
In high demand! 15 purchased in the last hour!,scarcity
Hurry! Only 9 left - order soon!,scarcity
"Notice: No thanks, Nah, I prefer paying full price for items.",confirmshaming
LAST CHANCE! OFFER ENDS IN 45:15!,urgency
UI Element: Deceptive button: 'Download Now' installs third-party adware instead of software (Deceptive Button) [Details],misdirection
Last chance! Offer ends in 02:00!,urgency
⚠️ Account creation and promotional consent required to view price (Mandatory),forced_action
Notice: ⚡ Time is running out! Lock in your low rate now!.,urgency
"Alert: Option: No, I don't care about getting the best value!",confirmshaming
Discount code valid for the next 30 minutes only!,urgency
Change Password - Details,normal
"Notice: Select: No, I don't want VIP perks and special benefits.",confirmshaming
🔥 Over 48 people are viewing this offer currently!,scarcity
Notice: Misleading opt-out: 'Keep my discount' actually subscribes you to paid membership [Misleading UI].,misdirection
"Alert: Nah, I don't want to protect my purchase warranty!",confirmshaming
Pre-checked: Automatically sign me up for weekly marketing emails and partner offers,preselection
Confusing wording: Uncheck this box if you DO NOT wish to NOT receive promotional offers (Deceptive Button),misdirection
Notice: You must download our toolbar application to view this content - Action Required.,forced_action
Default checked option: Subscribe to newsletter and agree to partner data access - Auto-enrolled,preselection
"Option: No thanks, I don't care about saving money",confirmshaming
Need assistance? Chat with us - Learn More,normal
Next page (Standard Rate),normal
"Notice: Nah, I don't care about my security and privacy (I'll pass).",confirmshaming
UI Element: Manipulative privacy choice: 'Allow tracking to keep service free' vs 'Pay $10/mo to opt-out of tracking' [Privacy Dark Pattern] [Details],privacy_manipulation
Important: Deceptive privacy setting: 'Enhance your experience' secretly enables microphone & location telemetry (Cookie Consent Trick) (Now),privacy_manipulation
UI Element: Accept All & Continue (Recommended) vs [Tiny link: Decline & customize] [Details],misdirection
Visually prominent 'ACCEPT ALL SPONSORS' vs hidden invisible 'Reject all' button - Visual Trickery,misdirection
Confusing privacy toggle: 'Disable Non-Essential Data Selling' (Default: OFF),privacy_manipulation
⚡ Countdown timer: 05 mins 59 secs remaining!,urgency
"Important: Privacy confirmshaming: 'No, I don't care about my online privacy and safety' (Now)",privacy_manipulation
Package includes charger - Available now,normal
🔥 Only 4 left at this discounted rate!,scarcity
"No, keep my order expensive - I'll pay full price",confirmshaming
⚡ Discount code valid for the next 30 minutes only!,urgency
UI Element: Trick phrasing: Check if you do not want us to refrain from sharing your data - Visual Trickery [Details],misdirection
About Us - Details,normal
"Update: Ambiguous action: 'Yes, don't show this again' enables background data collection [Misleading UI] - Click here",misdirection
UI Element: Visually prominent 'ACCEPT ALL SPONSORS' vs hidden invisible 'Reject all' button -> Misdirection [Details],misdirection
"Notice: No thanks, No thanks, I don't care about saving money.",confirmshaming
"UI Element: Deceptive account privacy: Default settings set user profile, photos, and location to Public [Privacy Dark Pattern] [Details]",privacy_manipulation
"Alert: Option: No thanks, I don't want free unlimited access!",confirmshaming
Update: Misleading layout: 'X' button on popup actually opens promotional offer page [Misleading UI] - Click here,misdirection
Hurry! Offer expires in 30:15 minutes!,urgency
"Update: Deceptive account privacy: Default settings set user profile, photos, and location to Public -> Privacy Violation - Click here",privacy_manipulation
Alert: Pre-checked: Sign me up for VIP rewards club membership ($19.99/month)!,preselection
⚡ Last chance! Offer ends in 10:00!,urgency
🔥 Popular item! Only 23 left in our inventory!,scarcity
View terms of use,normal
UI Element: Big Green Button: ACCEPT ALL EXTRA CHARGES | Small grey text: Skip optional add-on (Deceptive Button) [Details],misdirection
Filter by price - Click here,normal
⚠️ Limited stock available! Only 3 items left for immediate dispatch!,scarcity
Update: We value your privacy: Accept All Cookies & Data Selling (One-click) vs 15-step manual opt-out (Cookie Consent Trick) - Click here,privacy_manipulation
"Update: Option: No, I prefer being uninformed and losing out on deals - Click here",confirmshaming
⚠️ Low inventory warning: only 1 units remain!,scarcity
Update: Accept All & Continue (Recommended) vs [Tiny link: Decline & customize] - Visual Trickery - Click here,misdirection
⚡ Last chance! Offer ends in 02:30!,urgency
Sort by price: high to low - Click here,normal
Notice: Required step: consent to third-party marketing to enable button [Required].,forced_action
Alert: Compulsory registration: enter phone number and permit marketing calls to proceed (Mandatory)!,forced_action
LAST CHANCE! OFFER ENDS IN 05:15!,urgency
Account Settings - Learn More,normal
Notice: Checked by default: Add $4.99 premium shipping protection insurance to my order - Auto-enrolled.,preselection
⚡ Hurry! Offer expires in 05:00 minutes!,urgency
Notice: COUNTDOWN TIMER: 45 MINS 00 SECS REMAINING!.,urgency
Mandatory software installation required to proceed to website -> Must agree to continue,forced_action
Last chance! Offer ends in 45:00!,urgency
Category: Electronics | Customer Care,normal
Apply discount code (Standard Rate),normal
UI Element: Hard-to-find opt-out: 'Do Not Sell My Personal Information' link hidden in footer 8pt font (Cookie Consent Trick) [Details],privacy_manipulation
Low inventory warning: only 4 units remain!,scarcity
⚠️ Only 2 left at this discounted rate!,scarcity
Alert: You must allow push notifications to continue using this website!,forced_action
"Nah, I don't want to protect my purchase warranty",confirmshaming
Stock is extremely low - only 2 items remaining!,scarcity
Notice: COUNTDOWN TIMER: 15 MINS 59 SECS REMAINING!.,urgency
Update: Checked by default: Add optional magazine subscription ($9.99/mo) to cart - Click here,preselection
"Update: Option: No thanks, I prefer paying extra fees - Click here",confirmshaming
Important: Checked by default: Keep me logged in and allow persistent tracking cookies (Checked) (Now),preselection
Only 15 left at this discounted rate!,scarcity
New Arrivals | Customer Care,normal
⚠️ Hurry up! Just 2 spots available at this price!,scarcity
Alert: Pre-selected: Automatically add extended warranty package ($14.99) to checkout - Auto-enrolled!,preselection
Notice: Pre-checked privacy consent: Automatically agree to share personal data with third-party brokers (Cookie Consent Trick).,privacy_manipulation
⚠️ Almost sold out! Only 2 remaining in warehouse!,scarcity
Hurry! Offer expires in 10:30 minutes!,urgency
Alert: Pre-selected: Upgrade my ticket to non-refundable premium tier automatically - Auto-enrolled!,preselection
Update: Pre-checked checkbox: Opt-in to marketing telemetry and behavior profiling - Auto-enrolled - Click here,preselection
Notice: ⚠️ You are required to share your location and contact list to access this feature - Action Required.,forced_action
"Notice: Nah, I don't want to protect my purchase warranty (I'll pass).",confirmshaming
Notice: Mandatory survey completion required before downloading your file [Required].,forced_action
Alert: ⚠️ Compulsory registration: enter phone number and permit marketing calls to proceed - Action Required!,forced_action
Help Center | Customer Care,normal
Download pricing table,normal
"No thanks, I'd rather miss out on amazing savings (I'll pass)",confirmshaming
Important: Pre-checked privacy consent: Automatically agree to share personal data with third-party brokers - Data Exploitation (Now),privacy_manipulation
Countdown timer: 15 mins 00 secs remaining!,urgency
"Notice: No thanks, I hate saving money - I'll pay full price.",confirmshaming
Notice: Prominent 'AGREE & PAY' button vs disguised 'Manage preferences' hyperlink -> Misdirection.,misdirection
Required: Subscribe to our partner offers to unlock your free trial - Action Required,forced_action
Alert: Pre-selected box: Opt-in to promotional SMS text messaging and robo-calls - Auto-enrolled!,preselection
Notice: ⚠️ Mandatory software installation required to proceed to website [Required].,forced_action
"Notice: Privacy confirmshaming: 'No, I don't care about my online privacy and safety'.",privacy_manipulation
"Alert: Deceptive account privacy: Default settings set user profile, photos, and location to Public - Data Exploitation!",privacy_manipulation
"Nah, I don't want to improve my skills and stay behind",confirmshaming
"Alert: Option: No thanks, I prefer paying extra fees!",confirmshaming
"Important: Ambiguous action: 'Yes, don't show this again' enables background data collection [Misleading UI] (Now)",misdirection
Countdown timer: 05 mins 00 secs remaining!,urgency
"Update: Deceptive choice: Click 'Cancel' to proceed with order, or 'OK' to abort - Click here",misdirection
Important: Confusing wording: Uncheck this box if you DO NOT wish to NOT receive promotional offers - Visual Trickery (Now),misdirection
Estimated Delivery: 3-5 business days | Customer Care,normal
Read specifications,normal
"Important: Ambiguous action: 'Yes, don't show this again' enables background data collection (Now)",misdirection
🔥 Only 1 items left before backorder!,scarcity
Required: Subscribe to our partner offers to unlock your free trial [Required],forced_action
No items matched your search query - Learn More,normal
UI Element: Checked by default: Add $4.99 premium shipping protection insurance to my order (Pre-selected) [Details],preselection
Alert: Selected: Automatically renew my subscription every month at full price (Pre-selected)!,preselection
Discount code valid for the next 45 minutes only!,urgency
Alert: Required: Subscribe to our partner offers to unlock your free trial!,forced_action
Update: Pre-selected box: Opt-in to promotional SMS text messaging and robo-calls (Checked) - Click here,preselection
Important: Deceptive consent: Click 'I Agree' to sell your personal location and demographic data (Cookie Consent Trick) (Now),privacy_manipulation
Notice: Pre-selected: Automatically add extended warranty package ($14.99) to checkout.,preselection
⚠️ Hurry up! Just 48 spots available at this price!,scarcity
Alert: Allow all 500+ ad partners to track your activity across websites for personalized ads -> Privacy Violation!,privacy_manipulation
"Privacy confirmshaming: 'No, I don't care about my online privacy and safety'",privacy_manipulation
Countdown timer: 15 mins 30 secs remaining!,urgency
⚠️ High demand! Only 15 units available!,scarcity
Update: Default checked option: Subscribe to newsletter and agree to partner data access [Default On] - Click here,preselection
Alert: ⚠️ Compulsory registration: enter phone number and permit marketing calls to proceed!,forced_action
"Notice: Ambiguous action: 'Yes, don't show this again' enables background data collection - Visual Trickery.",misdirection
"Alert: No thanks, I don't care about saving money!",confirmshaming
Notice: Trick phrasing: Check if you do not want us to refrain from sharing your data [Misleading UI].,misdirection
⚡ Hurry! Offer expires in 45:59 minutes!,urgency
Alert: ⚠️ Account creation and promotional consent required to view price (Mandatory)!,forced_action
"Notice: No thanks, I don't want a 20% discount on my purchase - I'll pay full price.",confirmshaming
Notice: Deceptive privacy setting: 'Enhance your experience' secretly enables microphone & location telemetry [Privacy Dark Pattern].,privacy_manipulation
⚡ Countdown timer: 30 mins 15 secs remaining!,urgency
Pre-checked: I agree to receive marketing communications from 50+ third-party sponsors (Pre-selected),preselection
"Alert: ⚠️ To read this article, you must subscribe to our daily email newsletter -> Must agree to continue!",forced_action
Update: Obstacle-ridden privacy controls: Rejecting cookies requires toggling 200 individual vendor switches -> Privacy Violation - Click here,privacy_manipulation
"No thanks, No thanks, I don't care about saving money",confirmshaming
⚠️ Almost sold out! Only 23 remaining in warehouse!,scarcity
Pre-selected: Automatically add extended warranty package ($14.99) to checkout [Default On],preselection
"Alert: Select: No thanks, I don't care about saving money!",confirmshaming
⚠️ Only 9 items left before backorder!,scarcity
Redeem points - Details,normal
Important: Default checked: Share my browsing profile with advertising network partners (Now),preselection
Important: Pre-selected: Upgrade my ticket to non-refundable premium tier automatically [Default On] (Now),preselection
Important: We value your privacy: Accept All Cookies & Data Selling (One-click) vs 15-step manual opt-out -> Privacy Violation (Now),privacy_manipulation
Don't wait! Flash sale ending shortly!,urgency
"Important: Privacy confirmshaming: 'No, I don't care about my online privacy and safety' (Cookie Consent Trick) (Now)",privacy_manipulation
⚠️ You must create an account and subscribe to promotional emails to complete checkout [Required],forced_action
UI Element: Accept All & Continue (Recommended) vs [Tiny link: Decline & customize] (Deceptive Button) [Details],misdirection
Important: Misleading button label: 'Continue Free Trial' secretly charges $49.99 after 3 days - Visual Trickery (Now),misdirection
Notice: Hard-to-find opt-out: 'Do Not Sell My Personal Information' link hidden in footer 8pt font [Privacy Dark Pattern].,privacy_manipulation
HURRY! OFFER EXPIRES IN 15:45 MINUTES!,urgency
🔥 Popular item! Only 2 left in our inventory!,scarcity
Notice: LAST CHANCE! OFFER ENDS IN 45:59!.,urgency
Misleading opt-out: 'Keep my discount' actually subscribes you to paid membership -> Misdirection,misdirection
Alert: Default checked option: Subscribe to newsletter and agree to partner data access!,preselection
"Alert: No, I don't want to protect my account with security updates - I'll pay full price!",confirmshaming
"Notice: To read this article, you must subscribe to our daily email newsletter - Action Required.",forced_action
Alert: Accept All & Continue (Recommended) vs [Tiny link: Decline & customize] - Visual Trickery!,misdirection
Notice: ⚠️ Required: Subscribe to our partner offers to unlock your free trial (Mandatory).,forced_action
🔥 Only 1 left at this discounted rate!,scarcity
Notice: ⚠️ Must agree to mandatory data sharing to access free content.,forced_action
Popular item! Only 48 left in our inventory!,scarcity
Update: We value your privacy: Accept All Cookies & Data Selling (One-click) vs 15-step manual opt-out [Privacy Dark Pattern] - Click here,privacy_manipulation
Alert: You must create an account and subscribe to promotional emails to complete checkout - Action Required!,forced_action
🔥 Low inventory warning: only 1 units remain!,scarcity
⚠️ Selling fast! Only 7 left in stock!,scarcity
Alert: ⚠️ Account creation and promotional consent required to view price!,forced_action
Important: Manipulative privacy choice: 'Allow tracking to keep service free' vs 'Pay $10/mo to opt-out of tracking' (Now),privacy_manipulation
⚡ Hurry! Only 10 minutes left to claim 50% off!,urgency
Category: Electronics - Details,normal
"Alert: Option: No thanks, I don't want a 20% discount on my purchase!",confirmshaming
Hurry! Offer expires in 15:30 minutes!,urgency
Notice: ⚠️ You must allow push notifications to continue using this website - Action Required.,forced_action
"Alert: Click here: Nah, I don't want to protect my purchase warranty!",confirmshaming
Explore menu,normal
Place Order,normal
Notice: Visually prominent 'ACCEPT ALL SPONSORS' vs hidden invisible 'Reject all' button -> Misdirection.,misdirection
Notice: Pre-checked: I agree to receive marketing communications from 50+ third-party sponsors (Pre-selected).,preselection
Compatibility: iOS and Android (Standard Rate),normal
"To continue, you must agree to receive daily promotional SMS messages",forced_action
Pre-selected: Automatically add extended warranty package ($14.99) to checkout - Auto-enrolled,preselection
Alert: Pre-selected: Upgrade my ticket to non-refundable premium tier automatically [Default On]!,preselection
Alert: You must create an account and subscribe to promotional emails to complete checkout -> Must agree to continue!,forced_action
Almost sold out! Only 9 remaining in warehouse!,scarcity
Primary highlighted button: 'ADD EVERYTHING TO CART' | Hidden text: 'No thanks' -> Misdirection,misdirection
Confusing double negative: Check box to refrain from not receiving marketing emails -> Misdirection,misdirection
Update: Pre-selected: Upgrade my ticket to non-refundable premium tier automatically - Click here,preselection
🔥 Hurry up! Just 15 spots available at this price!,scarcity
Discount code valid for the next 10 minutes only!,urgency
Update: Manipulative privacy choice: 'Allow tracking to keep service free' vs 'Pay $10/mo to opt-out of tracking' (Cookie Consent Trick) - Click here,privacy_manipulation
"Alert: Option: No thanks, I hate saving money!",confirmshaming
Alert: Pre-checked: Automatically sign me up for weekly marketing emails and partner offers (Pre-selected)!,preselection
Alert: Pre-checked: I agree to receive marketing communications from 50+ third-party sponsors - Auto-enrolled!,preselection
"Notice: Nah, I prefer paying full price for items.",confirmshaming
"Notice: ⚠️ To read this article, you must subscribe to our daily email newsletter -> Must agree to continue.",forced_action
⚡ Last chance! Offer ends in 05:15!,urgency
COUNTDOWN TIMER: 45 MINS 45 SECS REMAINING!,urgency
Contact Us - Available now,normal
🔥 Limited stock available! Only 15 items left for immediate dispatch!,scarcity
HURRY! OFFER EXPIRES IN 30:30 MINUTES!,urgency
High demand! Only 2 units available!,scarcity
UI Element: Deceptive consent: Click 'I Agree' to sell your personal location and demographic data [Privacy Dark Pattern] [Details],privacy_manipulation
🔥 Selling fast! Only 4 left in stock!,scarcity
Important: Visually prominent 'ACCEPT ALL SPONSORS' vs hidden invisible 'Reject all' button (Deceptive Button) (Now),misdirection
Update: Pre-selected: Automatically add extended warranty package ($14.99) to checkout (Checked) - Click here,preselection
Countdown timer: 10 mins 30 secs remaining!,urgency
Hurry! Offer expires in 02:30 minutes!,urgency
⚡ Hurry! Offer expires in 15:45 minutes!,urgency
Notice: ⚠️ You must create an account and subscribe to promotional emails to complete checkout -> Must agree to continue.,forced_action
Important: Misleading cookie banner: 'By remaining on this site you consent to full data collection & ad profiling' [Privacy Dark Pattern] (Now),privacy_manipulation
"No, I don't want VIP perks and special benefits - I'll pay full price",confirmshaming
Update: Prominent 'AGREE & PAY' button vs disguised 'Manage preferences' hyperlink - Visual Trickery - Click here,misdirection
Update: Obstacle-ridden privacy controls: Rejecting cookies requires toggling 200 individual vendor switches (Cookie Consent Trick) - Click here,privacy_manipulation
Wishlist - Click here,normal
Alert: Compulsory registration: enter phone number and permit marketing calls to proceed - Action Required!,forced_action
"Notice: Click here: No, I prefer wasting time and paying full price.",confirmshaming
⚠️ Only 4 items left before backorder!,scarcity
"To read this article, you must subscribe to our daily email newsletter [Required]",forced_action
Important: Pre-selected default: Add optional carbon offset donation ($2.50) to order - Auto-enrolled (Now),preselection
Notice: Misleading opt-out: 'Keep my discount' actually subscribes you to paid membership - Visual Trickery.,misdirection
Hurry up! Just 9 spots available at this price!,scarcity
Gift card code - Learn More,normal
Confusing wording: Uncheck this box if you DO NOT wish to NOT receive promotional offers - Visual Trickery,misdirection
Checked by default: Add optional magazine subscription ($9.99/mo) to cart (Pre-selected),preselection
Popular item! Only 12 left in our inventory!,scarcity
"Notice: Click here: Nah, I don't want to protect my purchase warranty.",confirmshaming
Cookie Notice: We use essential cookies to ensure web functionality. - Available now,normal
Pre-selected box: Opt-in to promotional SMS text messaging and robo-calls,preselection
Countdown timer: 45 mins 45 secs remaining!,urgency
Compulsory registration: enter phone number and permit marketing calls to proceed - Action Required,forced_action
Update: We value your privacy: Accept All Cookies & Data Selling (One-click) vs 15-step manual opt-out - Click here,privacy_manipulation
Update: Deceptive consent renewal: Popup demands cookie permission repeatedly until user clicks Accept All -> Privacy Violation - Click here,privacy_manipulation
LAST CHANCE! OFFER ENDS IN 15:00!,urgency
⚠️ Only 1 items left before backorder!,scarcity
Alert: Misleading opt-out: 'Keep my discount' actually subscribes you to paid membership -> Misdirection!,misdirection
Download specifications,normal
Hard-to-find opt-out: 'Do Not Sell My Personal Information' link hidden in footer 8pt font [Privacy Dark Pattern],privacy_manipulation
Pre-checked: Sign me up for VIP rewards club membership ($19.99/month) (Pre-selected),preselection
Compulsory registration: enter phone number and permit marketing calls to proceed,forced_action
⚠️ Stock is extremely low - only 15 items remaining!,scarcity
"Notice: No thanks, I don't care about saving money.",confirmshaming
Update: Selected: Automatically renew my subscription every month at full price (Checked) - Click here,preselection
Last chance! Offer ends in 30:00!,urgency
UI Element: Visual hierarchy trick: Huge 'UPGRADE NOW' button next to faded unclickable 'No thanks' [Misleading UI] [Details],misdirection
"Update: No, I don't want free shipping and exclusive discounts - I'll pay full price - Click here",confirmshaming
UI Element: Pre-selected box: Opt-in to promotional SMS text messaging and robo-calls - Auto-enrolled [Details],preselection
Alert: ⚠️ Required step: consent to third-party marketing to enable button (Mandatory)!,forced_action
We value your privacy: Accept All Cookies & Data Selling (One-click) vs 15-step manual opt-out -> Privacy Violation,privacy_manipulation
Buy Now - Learn More,normal
Notice: Mandatory survey completion required before downloading your file - Action Required.,forced_action
Shipping Address - Available now,normal
⚠️ Over 12 people are viewing this offer currently!,scarcity
⚡ Countdown timer: 10 mins 00 secs remaining!,urgency
⚡ Countdown timer: 45 mins 30 secs remaining!,urgency
Alert: Allow all 500+ ad partners to track your activity across websites for personalized ads (Cookie Consent Trick)!,privacy_manipulation
Alert: Required: Subscribe to our partner offers to unlock your free trial - Action Required!,forced_action
Notice: ⚠️ You must download our toolbar application to view this content -> Must agree to continue.,forced_action
Copyright 2026 All Rights Reserved - Details,normal
Privacy Policy (Optional),normal
Visually prominent 'ACCEPT ALL SPONSORS' vs hidden invisible 'Reject all' button (Deceptive Button),misdirection
"Notice: Option: No thanks, I don't want free unlimited access.",confirmshaming
Obstacle-ridden privacy controls: Rejecting cookies requires toggling 200 individual vendor switches (Cookie Consent Trick),privacy_manipulation
"Alert: Click here: No, keep my order expensive!",confirmshaming
🔥 Only 9 items left in stock!,scarcity
Selected: Automatically renew my subscription every month at full price - Auto-enrolled,preselection
"Notice: Option: Nah, I prefer paying full price for items.",confirmshaming
Follow us on Twitter - Click here,normal
Update: Misleading layout: 'X' button on popup actually opens promotional offer page -> Misdirection - Click here,misdirection
Selling fast! Only 3 left in stock!,scarcity
Click to enlarge image,normal
"Notice: Click here: No thanks, I don't want a 20% discount on my purchase.",confirmshaming
Confusing privacy toggle: 'Disable Non-Essential Data Selling' (Default: OFF) -> Privacy Violation,privacy_manipulation
🔥 Hurry up! Just 12 spots available at this price!,scarcity
Hurry! Offer expires in 05:00 minutes!,urgency
⚠️ You are required to share your location and contact list to access this feature,forced_action
UI Element: Deceptive privacy setting: 'Enhance your experience' secretly enables microphone & location telemetry [Details],privacy_manipulation
"UI Element: Privacy confirmshaming: 'No, I don't care about my online privacy and safety' (Cookie Consent Trick) [Details]",privacy_manipulation
COUNTDOWN TIMER: 10 MINS 59 SECS REMAINING!,urgency
Over 5 people are viewing this offer currently!,scarcity
Notice: Pre-selected default: Add optional carbon offset donation ($2.50) to order.,preselection
⚠️ Over 3 people are viewing this offer currently!,scarcity
Alert: Misleading layout: 'X' button on popup actually opens promotional offer page -> Misdirection!,misdirection
Important: Deceptive consent renewal: Popup demands cookie permission repeatedly until user clicks Accept All -> Privacy Violation (Now),privacy_manipulation
Sort by relevance [Verified],normal
Notice: Pre-checked: Sign me up for VIP rewards club membership ($19.99/month) (Pre-selected).,preselection
Limited stock available! Only 9 items left for immediate dispatch!,scarcity
Prominent 'AGREE & PAY' button vs disguised 'Manage preferences' hyperlink (Deceptive Button),misdirection
"No, I don't want to save money and prefer paying full price - I'll pay full price",confirmshaming
Only 45 minutes left to qualify for free express shipping!,urgency
COUNTDOWN TIMER: 30 MINS 59 SECS REMAINING!,urgency
"Alert: Nah, I don't want to protect my purchase warranty - I'll pay full price!",confirmshaming
⚡ Hurry! Offer expires in 02:59 minutes!,urgency
Important: Checked by default: Add $4.99 premium shipping protection insurance to my order (Now),preselection
Read terms of use,normal
Subtotal: $49.99 - Official Store,normal
Apply discount code - Learn More,normal
Notice: Obstacle-ridden privacy controls: Rejecting cookies requires toggling 200 individual vendor switches.,privacy_manipulation
"Alert: No thanks, No thanks, I don't want free unlimited access!",confirmshaming
⚡ Last chance! Offer ends in 30:30!,urgency
View Product Details [Verified],normal
⚠️ Only 7 left at this discounted rate!,scarcity
"Notice: No, I don't want to protect my account with security updates - I'll pay full price.",confirmshaming
Alert: Checked by default: Add $4.99 premium shipping protection insurance to my order (Checked)!,preselection
Customer Support Available 24/7 (Optional),normal
Alert: You must create an account and subscribe to promotional emails to complete checkout [Required]!,forced_action
Low inventory warning: only 23 units remain!,scarcity
UI Element: Pre-checked: Automatically sign me up for weekly marketing emails and partner offers [Default On] [Details],preselection
Important: Pre-checked: Sign me up for VIP rewards club membership ($19.99/month) - Auto-enrolled (Now),preselection
UI Element: Confusing double negative: Check box to refrain from not receiving marketing emails (Deceptive Button) [Details],misdirection
⚡ Hurry! Offer expires in 15:59 minutes!,urgency
UI Element: Obstacle-ridden privacy controls: Rejecting cookies requires toggling 200 individual vendor switches [Privacy Dark Pattern] [Details],privacy_manipulation
Hurry! Offer expires in 30:45 minutes!,urgency
Update: Pre-selected: Enroll me in auto-bill pay and recurring monthly membership (Checked) - Click here,preselection
⚠️ Hurry! Only 7 left - order soon!,scarcity
UI Element: Visual hierarchy trick: Huge 'UPGRADE NOW' button next to faded unclickable 'No thanks' [Details],misdirection
Accept All & Continue (Recommended) vs [Tiny link: Decline & customize] -> Misdirection,misdirection
"Alert: Nah, I don't care about my security and privacy!",confirmshaming
Hurry! Only 3 left - order soon!,scarcity
Important: Default checked option: Subscribe to newsletter and agree to partner data access (Pre-selected) (Now),preselection
Required: Subscribe to our partner offers to unlock your free trial (Mandatory),forced_action
Notice: Default checked: Share my browsing profile with advertising network partners (Pre-selected).,preselection
UI Element: Deceptive consent: Click 'I Agree' to sell your personal location and demographic data [Details],privacy_manipulation
Select privacy statement,normal
Notice: ⚡ Hurry! Offer expires in 10:00 minutes!.,urgency
⚡ Urgent! Claim your free gift within 45 minutes!,urgency
Deceptive button: 'Download Now' installs third-party adware instead of software - Visual Trickery,misdirection
SALE ENDS IN 05 MINUTES!,urgency
🔥 5 people have this product in their cart right now!,scarcity
⚡ Sale ends in 30 minutes!,urgency
⚠️ Limited stock available! Only 5 items left for immediate dispatch!,scarcity
Hurry! Offer expires in 10:00 minutes!,urgency
"No, keep my order expensive (I'll pass)",confirmshaming
You are required to share your location and contact list to access this feature (Mandatory),forced_action
High demand! Only 1 units available!,scarcity
Notice: Pre-selected: Enroll me in auto-bill pay and recurring monthly membership (Checked).,preselection
Update: Visually prominent 'ACCEPT ALL SPONSORS' vs hidden invisible 'Reject all' button - Click here,misdirection
Update: Pre-selected default: Add optional carbon offset donation ($2.50) to order (Pre-selected) - Click here,preselection
Update: Pre-checked: I agree to receive marketing communications from 50+ third-party sponsors [Default On] - Click here,preselection
🔥 Almost sold out! Only 12 remaining in warehouse!,scarcity
Save Changes,normal
🔥 Hurry! Only 2 left - order soon!,scarcity
Notice: Manipulative privacy choice: 'Allow tracking to keep service free' vs 'Pay $10/mo to opt-out of tracking'.,privacy_manipulation
High demand! Only 3 units available!,scarcity
Notice: ⚠️ Required step: consent to third-party marketing to enable button (Mandatory).,forced_action
Apply discount code - Official Store,normal
Notice: Required action: Join our rewards program to complete your order -> Must agree to continue.,forced_action
Save Changes (Standard Rate),normal
Update: Primary highlighted button: 'ADD EVERYTHING TO CART' | Hidden text: 'No thanks' [Misleading UI] - Click here,misdirection
"UI Element: Deceptive account privacy: Default settings set user profile, photos, and location to Public [Details]",privacy_manipulation
⚡ Last chance! Offer ends in 15:15!,urgency
"No, I prefer being uninformed and losing out on deals (I'll pass)",confirmshaming
🔥 Hurry! Only 1 left - order soon!,scarcity
9 people have this product in their cart right now!,scarcity
UI Element: Default checked option: Subscribe to newsletter and agree to partner data access [Details],preselection
"Alert: No thanks, I don't want free unlimited access (I'll pass)!",confirmshaming
Hurry! Only 23 left - order soon!,scarcity
🔥 Only 4 items left before backorder!,scarcity
Sign Up - Details,normal
Only 15 items left before backorder!,scarcity
"Notice: Select: Nah, I'll pass on saving $50 today.",confirmshaming
"Update: No thanks, No thanks, I don't care about saving money - Click here",confirmshaming
Important: Prominent 'AGREE & PAY' button vs disguised 'Manage preferences' hyperlink (Now),misdirection
🔥 Only 48 items left before backorder!,scarcity
Important: Misleading cookie banner: 'By remaining on this site you consent to full data collection & ad profiling' -> Privacy Violation (Now),privacy_manipulation
Alert: Mandatory software installation required to proceed to website!,forced_action
"Notice: Privacy manipulation: 'Accept All Cookies' button highlighted, 'Reject All' button disabled/hidden.",privacy_manipulation
Important: Allow all 500+ ad partners to track your activity across websites for personalized ads [Privacy Dark Pattern] (Now),privacy_manipulation
🔥 Selling fast! Only 3 left in stock!,scarcity
In high demand! 4 purchased in the last hour!,scarcity
Clear filter - Available now,normal
LAST CHANCE! OFFER ENDS IN 15:15!,urgency
"Notice: No, I enjoy paying more money.",confirmshaming
Alert: Pre-checked: I agree to receive marketing communications from 50+ third-party sponsors (Checked)!,preselection
⚠️ Only 2 items left before backorder!,scarcity
⚡ Sale ends in 45 minutes!,urgency
Next page - Details,normal
Hurry! Only 45 minutes left to claim 50% off!,urgency
Alert: You must download our toolbar application to view this content -> Must agree to continue!,forced_action
Save Changes - Available now,normal
CLOCK IS TICKING! GET 30% OFF BEFORE TIMER EXPIRES!,urgency
Alert: Default checked: Share my browsing profile with advertising network partners (Pre-selected)!,preselection
"Alert: Deceptive choice: Click 'Cancel' to proceed with order, or 'OK' to abort [Misleading UI]!",misdirection
Important: Pre-selected: Automatically add extended warranty package ($14.99) to checkout - Auto-enrolled (Now),preselection
Important: Visually prominent 'ACCEPT ALL SPONSORS' vs hidden invisible 'Reject all' button [Misleading UI] (Now),misdirection
"Alert: Deceptive choice: Click 'Cancel' to proceed with order, or 'OK' to abort -> Misdirection!",misdirection
UI Element: Pre-selected box: Opt-in to promotional SMS text messaging and robo-calls [Details],preselection
Important: Pre-selected: Enroll me in auto-bill pay and recurring monthly membership - Auto-enrolled (Now),preselection
"Update: Privacy confirmshaming: 'No, I don't care about my online privacy and safety' - Click here",privacy_manipulation
🔥 Only 15 items left in stock!,scarcity
Low inventory warning: only 7 units remain!,scarcity
"No, I don't want VIP perks and special benefits (I'll pass)",confirmshaming
Alert: Pre-checked privacy consent: Automatically agree to share personal data with third-party brokers - Data Exploitation!,privacy_manipulation
HURRY! OFFER EXPIRES IN 10:15 MINUTES!,urgency
🔥 Only 3 left at this discounted rate!,scarcity
Important: Confusing privacy toggle: 'Disable Non-Essential Data Selling' (Default: OFF) [Privacy Dark Pattern] (Now),privacy_manipulation
"UI Element: Privacy confirmshaming: 'No, I don't care about my online privacy and safety' -> Privacy Violation [Details]",privacy_manipulation
"Option: No, I prefer wasting time and paying full price",confirmshaming
"No, I prefer being uninformed and losing out on deals - I'll pay full price",confirmshaming
Update: Pre-selected: Enroll me in auto-bill pay and recurring monthly membership [Default On] - Click here,preselection
LAST CHANCE! OFFER ENDS IN 10:45!,urgency
Dimensions: 10 x 5 x 2 inches,normal
Important: Hard-to-find opt-out: 'Do Not Sell My Personal Information' link hidden in footer 8pt font - Data Exploitation (Now),privacy_manipulation
"Notice: Click here: No, keep my order expensive.",confirmshaming
Last chance! Offer ends in 02:59!,urgency
Notice: Pre-selected default: Add optional carbon offset donation ($2.50) to order (Checked).,preselection
"Important: Privacy manipulation: 'Accept All Cookies' button highlighted, 'Reject All' button disabled/hidden [Privacy Dark Pattern] (Now)",privacy_manipulation
Alert: Account creation and promotional consent required to view price (Mandatory)!,forced_action
UI Element: Default checked: Share my browsing profile with advertising network partners (Pre-selected) [Details],preselection
Checked by default: Add $4.99 premium shipping protection insurance to my order [Default On],preselection
Pre-selected box: Opt-in to promotional SMS text messaging and robo-calls - Auto-enrolled,preselection
Home,normal
"Option: No, keep my order expensive",confirmshaming
Copyright 2026 All Rights Reserved - Click here,normal
In high demand! 1 purchased in the last hour!,scarcity
Alert: You are required to share your location and contact list to access this feature [Required]!,forced_action
Update: Allow all 500+ ad partners to track your activity across websites for personalized ads [Privacy Dark Pattern] - Click here,privacy_manipulation
Pre-selected: Enroll me in auto-bill pay and recurring monthly membership,preselection
Selected: Automatically renew my subscription every month at full price (Checked),preselection
Urgent! Claim your free gift within 10 minutes!,urgency
"Click here: No thanks, I don't want a 20% discount on my purchase",confirmshaming
"⚠️ To continue, you must agree to receive daily promotional SMS messages [Required]",forced_action
Download contact form,normal
"Alert: No, I prefer being uninformed and losing out on deals - I'll pay full price!",confirmshaming
Notice: Pre-selected: Upgrade my ticket to non-refundable premium tier automatically - Auto-enrolled.,preselection
Alert: ⚠️ Account creation and promotional consent required to view price [Required]!,forced_action
"Alert: Privacy manipulation: 'Accept All Cookies' button highlighted, 'Reject All' button disabled/hidden - Data Exploitation!",privacy_manipulation
"Update: No, I enjoy paying more money - Click here",confirmshaming
LAST CHANCE! OFFER ENDS IN 15:59!,urgency
UI Element: Misleading cookie banner: 'By remaining on this site you consent to full data collection & ad profiling' - Data Exploitation [Details],privacy_manipulation
🔥 Limited stock available! Only 2 items left for immediate dispatch!,scarcity
"Important: Deceptive choice: Click 'Cancel' to proceed with order, or 'OK' to abort - Visual Trickery (Now)",misdirection
Alert: Deceptive consent: Click 'I Agree' to sell your personal location and demographic data [Privacy Dark Pattern]!,privacy_manipulation
FLASH SALE! PRICES REVERT TO FULL PRICE IN 02 MINUTES!,urgency
Countdown timer: 45 mins 15 secs remaining!,urgency
Selling fast! Only 23 left in stock!,scarcity
"Alert: Privacy confirmshaming: 'No, I don't care about my online privacy and safety' -> Privacy Violation!",privacy_manipulation
Download documentation,normal
Important: Pre-selected: Enroll me in auto-bill pay and recurring monthly membership [Default On] (Now),preselection
12 people have this product in their cart right now!,scarcity
Only 15 minutes left to qualify for free express shipping!,urgency
Notice: ⚠️ You must create an account and subscribe to promotional emails to complete checkout - Action Required.,forced_action
Default Address - Official Store,normal
Important: Confusing double negative: Check box to refrain from not receiving marketing emails - Visual Trickery (Now),misdirection
⚠️ Required step: consent to third-party marketing to enable button,forced_action
Notice: You must create an account and subscribe to promotional emails to complete checkout (Mandatory).,forced_action
⚠️ Required: Subscribe to our partner offers to unlock your free trial,forced_action
Share via Email [Verified],normal
Redeem points (Standard Rate),normal
Manipulative privacy choice: 'Allow tracking to keep service free' vs 'Pay $10/mo to opt-out of tracking' - Data Exploitation,privacy_manipulation
Big Green Button: ACCEPT ALL EXTRA CHARGES | Small grey text: Skip optional add-on [Misleading UI],misdirection
"Nah, I'll pass on saving $50 today (I'll pass)",confirmshaming
⚡ Last chance! Offer ends in 05:00!,urgency
⚠️ Hurry! Only 15 left - order soon!,scarcity
Showing 1-20 of 100 items - Available now,normal
Notice: ⚠️ Required action: Join our rewards program to complete your order - Action Required.,forced_action
UI Element: Default checked option: Subscribe to newsletter and agree to partner data access - Auto-enrolled [Details],preselection
⚡ Hurry! Offer expires in 10:15 minutes!,urgency
Alert: Visually prominent 'ACCEPT ALL SPONSORS' vs hidden invisible 'Reject all' button!,misdirection
Alert: Deceptive privacy setting: 'Enhance your experience' secretly enables microphone & location telemetry!,privacy_manipulation
⚠️ Only 23 left at this discounted rate!,scarcity
Notice: Allow all 500+ ad partners to track your activity across websites for personalized ads.,privacy_manipulation
⚠️ Hurry! Only 23 left - order soon!,scarcity
"UI Element: Deceptive choice: Click 'Cancel' to proceed with order, or 'OK' to abort - Visual Trickery [Details]",misdirection
Alert: ⚠️ Mandatory survey completion required before downloading your file -> Must agree to continue!,forced_action
Gift card code - Available now,normal
Misleading cookie banner: 'By remaining on this site you consent to full data collection & ad profiling' - Data Exploitation,privacy_manipulation
UI Element: Deceptive consent renewal: Popup demands cookie permission repeatedly until user clicks Accept All - Data Exploitation [Details],privacy_manipulation
HURRY! SALE PRICE AVAILABLE FOR A LIMITED TIME ONLY!,urgency
🔥 Popular item! Only 12 left in our inventory!,scarcity
Important: Pre-checked: I agree to receive marketing communications from 50+ third-party sponsors (Now),preselection
"Alert: To continue, you must agree to receive daily promotional SMS messages!",forced_action
Notice: Hard-to-find opt-out: 'Do Not Sell My Personal Information' link hidden in footer 8pt font.,privacy_manipulation
"Important: Privacy manipulation: 'Accept All Cookies' button highlighted, 'Reject All' button disabled/hidden (Now)",privacy_manipulation
Update: Pre-checked privacy consent: Automatically agree to share personal data with third-party brokers [Privacy Dark Pattern] - Click here,privacy_manipulation
Update: Misleading button label: 'Continue Free Trial' secretly charges $49.99 after 3 days - Click here,misdirection
Important: Pre-checked: Automatically sign me up for weekly marketing emails and partner offers (Pre-selected) (Now),preselection
"Click here: No, I don't want free shipping and exclusive discounts",confirmshaming
"Privacy manipulation: 'Accept All Cookies' button highlighted, 'Reject All' button disabled/hidden (Cookie Consent Trick)",privacy_manipulation
Offer expiring! Complete your reservation now!,urgency
Notice: Trick phrasing: Check if you do not want us to refrain from sharing your data -> Misdirection.,misdirection
⚠️ You are required to share your location and contact list to access this feature [Required],forced_action
Search products... - Official Store,normal
⚠️ Required action: Join our rewards program to complete your order [Required],forced_action
Log In - Learn More,normal
Hurry up! Just 7 spots available at this price!,scarcity
UI Element: Checked by default: Add $4.99 premium shipping protection insurance to my order [Default On] [Details],preselection
"Update: No, I prefer being uninformed and losing out on deals - Click here",confirmshaming
⚡ Hurry! Offer expires in 30:30 minutes!,urgency
Alert: Pre-selected box: Opt-in to promotional SMS text messaging and robo-calls!,preselection
"Important: Privacy manipulation: 'Accept All Cookies' button highlighted, 'Reject All' button disabled/hidden (Cookie Consent Trick) (Now)",privacy_manipulation
Gift card code - Click here,normal
Alert: Mandatory newsletter registration required to proceed to download -> Must agree to continue!,forced_action
Redeem points,normal
Pre-checked: Automatically sign me up for weekly marketing emails and partner offers (Pre-selected),preselection
UI Element: Visually prominent 'ACCEPT ALL SPONSORS' vs hidden invisible 'Reject all' button - Visual Trickery [Details],misdirection
Notice: Allow all 500+ ad partners to track your activity across websites for personalized ads -> Privacy Violation.,privacy_manipulation
Update: Selected: Automatically renew my subscription every month at full price [Default On] - Click here,preselection
About Us [Verified],normal
Place Order (Optional),normal
Notice: ⚠️ Mandatory newsletter registration required to proceed to download.,forced_action
3 people have this product in their cart right now!,scarcity
Important: Pre-checked privacy consent: Automatically agree to share personal data with third-party brokers (Now),privacy_manipulation
DEAL OF THE DAY EXPIRES SOON!,urgency
⚠️ Low inventory warning: only 48 units remain!,scarcity
🔥 Almost sold out! Only 2 remaining in warehouse!,scarcity
Battery Life: up to 12 hours - Official Store,normal
UI Element: Checked by default: Add $4.99 premium shipping protection insurance to my order [Details],preselection
Alert: Hard-to-find opt-out: 'Do Not Sell My Personal Information' link hidden in footer 8pt font!,privacy_manipulation
⚠️ Compulsory registration: enter phone number and permit marketing calls to proceed - Action Required,forced_action
Hurry! Only 10 minutes left to claim 50% off!,urgency
"Notice: No, I don't want to protect my account with security updates (I'll pass).",confirmshaming
Important: Manipulative privacy choice: 'Allow tracking to keep service free' vs 'Pay $10/mo to opt-out of tracking' (Cookie Consent Trick) (Now),privacy_manipulation
"Click here: No thanks, I don't want free unlimited access",confirmshaming
"Alert: Deceptive account privacy: Default settings set user profile, photos, and location to Public -> Privacy Violation!",privacy_manipulation
Notice: Don't wait! Flash sale ending shortly!.,urgency
"Important: Privacy confirmshaming: 'No, I don't care about my online privacy and safety' - Data Exploitation (Now)",privacy_manipulation
"Alert: No thanks, No, I don't want VIP perks and special benefits!",confirmshaming
Update: Visual hierarchy trick: Huge 'UPGRADE NOW' button next to faded unclickable 'No thanks' - Click here,misdirection
Select Size: Medium - Click here,normal
SALE ENDS IN 15 MINUTES!,urgency
"Update: Privacy manipulation: 'Accept All Cookies' button highlighted, 'Reject All' button disabled/hidden [Privacy Dark Pattern] - Click here",privacy_manipulation
Important: Pre-checked: I agree to receive marketing communications from 50+ third-party sponsors (Checked) (Now),preselection
Important: Primary highlighted button: 'ADD EVERYTHING TO CART' | Hidden text: 'No thanks' (Deceptive Button) (Now),misdirection
ONLY 05 MINUTES LEFT TO QUALIFY FOR FREE EXPRESS SHIPPING!,urgency
"Alert: No thanks, Nah, I don't want to improve my skills and stay behind!",confirmshaming
Important: We value your privacy: Accept All Cookies & Data Selling (One-click) vs 15-step manual opt-out (Now),privacy_manipulation
Countdown timer: 45 mins 30 secs remaining!,urgency
Important: Confusing privacy toggle: 'Disable Non-Essential Data Selling' (Default: OFF) (Cookie Consent Trick) (Now),privacy_manipulation
Pre-checked privacy consent: Automatically agree to share personal data with third-party brokers -> Privacy Violation,privacy_manipulation
ONLY 30 MINUTES LEFT TO QUALIFY FOR FREE EXPRESS SHIPPING!,urgency
LAST CHANCE! OFFER ENDS IN 05:59!,urgency
Misleading cookie banner: 'By remaining on this site you consent to full data collection & ad profiling' -> Privacy Violation,privacy_manipulation
"Alert: Select: No thanks, I don't want free unlimited access!",confirmshaming
Alert: Visual hierarchy trick: Huge 'UPGRADE NOW' button next to faded unclickable 'No thanks' - Visual Trickery!,misdirection
Alert: Checked by default: Add $4.99 premium shipping protection insurance to my order!,preselection
"Alert: To read this article, you must subscribe to our daily email newsletter -> Must agree to continue!",forced_action
COUNTDOWN TIMER: 15 MINS 15 SECS REMAINING!,urgency
"Notice: Select: No thanks, I'd rather miss out on amazing savings.",confirmshaming
Order Summary | Customer Care,normal
Update: Hard-to-find opt-out: 'Do Not Sell My Personal Information' link hidden in footer 8pt font - Click here,privacy_manipulation
Selling fast! Only 1 left in stock!,scarcity
Countdown timer: 10 mins 15 secs remaining!,urgency
Notice: Deceptive privacy setting: 'Enhance your experience' secretly enables microphone & location telemetry -> Privacy Violation.,privacy_manipulation
"No thanks, I don't want a 20% discount on my purchase",confirmshaming
Important: Pre-selected: Automatically add extended warranty package ($14.99) to checkout [Default On] (Now),preselection
"Notice: Privacy confirmshaming: 'No, I don't care about my online privacy and safety' (Cookie Consent Trick).",privacy_manipulation
Hurry! Offer expires in 45:45 minutes!,urgency
Mandatory software installation required to proceed to website (Mandatory),forced_action
Must agree to mandatory data sharing to access free content (Mandatory),forced_action
"Option: No, I don't want to protect my account with security updates",confirmshaming
COUNTDOWN TIMER: 15 MINS 45 SECS REMAINING!,urgency
"Notice: ⚠️ To read this article, you must subscribe to our daily email newsletter.",forced_action
Important: Pre-selected default: Add optional carbon offset donation ($2.50) to order (Checked) (Now),preselection
Standard Return Policy applies within 30 days - Official Store,normal
Alert: Checked by default: Add optional magazine subscription ($9.99/mo) to cart (Pre-selected)!,preselection
Update: Pre-checked checkbox: Opt-in to marketing telemetry and behavior profiling [Default On] - Click here,preselection
Misleading opt-out: 'Keep my discount' actually subscribes you to paid membership - Visual Trickery,misdirection
"Notice: No thanks, No, I don't want to save money and prefer paying full price.",confirmshaming
"⚠️ To read this article, you must subscribe to our daily email newsletter",forced_action
Important: Misleading cookie banner: 'By remaining on this site you consent to full data collection & ad profiling' (Now),privacy_manipulation
Product Features,normal
Update: Pre-checked: I agree to receive marketing communications from 50+ third-party sponsors (Checked) - Click here,preselection
"Notice: No, I prefer being uninformed and losing out on deals.",confirmshaming
Page 1 of 5 - Learn More,normal
"UI Element: Deceptive choice: Click 'Cancel' to proceed with order, or 'OK' to abort -> Misdirection [Details]",misdirection
Update: Forced tracking consent: You must accept cross-site tracking cookies to view this page (Cookie Consent Trick) - Click here,privacy_manipulation
Alert: Trick phrasing: Check if you do not want us to refrain from sharing your data!,misdirection
Update: Default checked option: Subscribe to newsletter and agree to partner data access - Auto-enrolled - Click here,preselection
"Notice: Click here: Nah, I prefer paying full price for items.",confirmshaming
Required action: Join our rewards program to complete your order -> Must agree to continue,forced_action
Hard-to-find opt-out: 'Do Not Sell My Personal Information' link hidden in footer 8pt font (Cookie Consent Trick),privacy_manipulation
Material: Stainless Steel - Available now,normal
UI Element: Pre-checked: Sign me up for VIP rewards club membership ($19.99/month) [Default On] [Details],preselection
"Notice: No, I don't want to save money and prefer paying full price.",confirmshaming
Showing 1-20 of 100 items [Verified],normal
Flash Sale! Prices revert to full price in 45 minutes!,urgency
In Stock - Available now,normal
Important: Pre-checked: Automatically sign me up for weekly marketing emails and partner offers (Now),preselection
"Click here: No, I prefer being uninformed and losing out on deals",confirmshaming
View specifications,normal
Alert: Hard-to-find opt-out: 'Do Not Sell My Personal Information' link hidden in footer 8pt font [Privacy Dark Pattern]!,privacy_manipulation
Alert: Required step: consent to third-party marketing to enable button (Mandatory)!,forced_action
"To read this article, you must subscribe to our daily email newsletter",forced_action
Alert: Pre-selected: Enroll me in auto-bill pay and recurring monthly membership (Checked)!,preselection
"Option: No, I prefer being uninformed and losing out on deals",confirmshaming
"Important: Deceptive choice: Click 'Cancel' to proceed with order, or 'OK' to abort (Deceptive Button) (Now)",misdirection
"No, I prefer being uninformed and losing out on deals",confirmshaming
Notice: Mandatory software installation required to proceed to website.,forced_action
Apply discount code - Available now,normal
Must agree to mandatory data sharing to access free content [Required],forced_action
Flash Sale! Prices revert to full price in 05 minutes!,urgency
Important: Trick phrasing: Check if you do not want us to refrain from sharing your data - Visual Trickery (Now),misdirection
Deceptive button: 'Download Now' installs third-party adware instead of software -> Misdirection,misdirection
Apply discount code,normal
User Profile (Optional),normal
⚡ Countdown timer: 02 mins 59 secs remaining!,urgency
"Notice: No, I prefer being uninformed and losing out on deals - I'll pay full price.",confirmshaming
"Notice: To read this article, you must subscribe to our daily email newsletter -> Must agree to continue.",forced_action
🔥 Hurry up! Just 23 spots available at this price!,scarcity
"Notice: No thanks, No, I don't want free shipping and exclusive discounts.",confirmshaming
Page 1 of 5 [Verified],normal
Notice: Required step: consent to third-party marketing to enable button -> Must agree to continue.,forced_action
UI Element: We value your privacy: Accept All Cookies & Data Selling (One-click) vs 15-step manual opt-out [Privacy Dark Pattern] [Details],privacy_manipulation
"Select: Nah, I don't care about my security and privacy",confirmshaming
No items matched your search query - Click here,normal
LAST CHANCE! OFFER ENDS IN 30:45!,urgency
"Alert: ⚠️ To continue, you must agree to receive daily promotional SMS messages (Mandatory)!",forced_action
"To continue, you must agree to receive daily promotional SMS messages -> Must agree to continue",forced_action
Deceptive privacy setting: 'Enhance your experience' secretly enables microphone & location telemetry (Cookie Consent Trick),privacy_manipulation
"Notice: No thanks, No thanks, I don't want a 20% discount on my purchase.",confirmshaming
"Option: No thanks, I'd rather miss out on amazing savings",confirmshaming
Alert: ⚠️ You must allow push notifications to continue using this website - Action Required!,forced_action
⚡ Hurry! Only 15 minutes left to claim 50% off!,urgency
⚡ Hurry! Offer expires in 45:45 minutes!,urgency
You must create an account and subscribe to promotional emails to complete checkout,forced_action
"Alert: No thanks, Nah, I'll pass on saving $50 today!",confirmshaming
Update: Misleading opt-out: 'Keep my discount' actually subscribes you to paid membership - Visual Trickery - Click here,misdirection
Last chance! Offer ends in 30:59!,urgency
Primary highlighted button: 'ADD EVERYTHING TO CART' | Hidden text: 'No thanks' [Misleading UI],misdirection
⚠️ 9 people have this product in their cart right now!,scarcity
⚠️ Mandatory software installation required to proceed to website [Required],forced_action
"Notice: No, I don't want free shipping and exclusive discounts (I'll pass).",confirmshaming
Important: Selected: Automatically renew my subscription every month at full price [Default On] (Now),preselection
Notice: ⚠️ Compulsory registration: enter phone number and permit marketing calls to proceed [Required].,forced_action
⚠️ 4 people have this product in their cart right now!,scarcity
Share via Email | Customer Care,normal
Notice: Required: Subscribe to our partner offers to unlock your free trial (Mandatory).,forced_action
"UI Element: Ambiguous action: 'Yes, don't show this again' enables background data collection -> Misdirection [Details]",misdirection
Click to enlarge image - Click here,normal
⚠️ Popular item! Only 4 left in our inventory!,scarcity
Important: Deceptive button: 'Download Now' installs third-party adware instead of software (Deceptive Button) (Now),misdirection
UI Element: Pre-checked privacy consent: Automatically agree to share personal data with third-party brokers (Cookie Consent Trick) [Details],privacy_manipulation
Hurry! Sale price available for a limited time only!,urgency
Trick phrasing: Check if you do not want us to refrain from sharing your data -> Misdirection,misdirection
View catalog,normal
SALE ENDS IN 10 MINUTES!,urgency
Compulsory registration: enter phone number and permit marketing calls to proceed -> Must agree to continue,forced_action
Select shipping policy,normal
⚡ Hurry! Offer expires in 10:59 minutes!,urgency
Notice: Pre-selected: Enroll me in auto-bill pay and recurring monthly membership [Default On].,preselection
Download PDF Invoice (Optional),normal
"Option: No, I don't want to save money and prefer paying full price",confirmshaming
Visually prominent 'ACCEPT ALL SPONSORS' vs hidden invisible 'Reject all' button,misdirection
Notice: Pre-selected box: Opt-in to promotional SMS text messaging and robo-calls (Checked).,preselection
🔥 Only 5 items left in stock!,scarcity
🔥 Limited stock available! Only 9 items left for immediate dispatch!,scarcity
Pre-selected default: Add optional carbon offset donation ($2.50) to order (Pre-selected),preselection
Almost sold out! Only 15 remaining in warehouse!,scarcity
"UI Element: Privacy confirmshaming: 'No, I don't care about my online privacy and safety' - Data Exploitation [Details]",privacy_manipulation
Notice: We value your privacy: Accept All Cookies & Data Selling (One-click) vs 15-step manual opt-out (Cookie Consent Trick).,privacy_manipulation
Alert: Manipulative privacy choice: 'Allow tracking to keep service free' vs 'Pay $10/mo to opt-out of tracking' -> Privacy Violation!,privacy_manipulation
Alert: Manipulative privacy choice: 'Allow tracking to keep service free' vs 'Pay $10/mo to opt-out of tracking' - Data Exploitation!,privacy_manipulation
Notice: ⚡ Act now before this deal vanishes!.,urgency
🔥 Almost sold out! Only 9 remaining in warehouse!,scarcity
"Notice: Option: No, I enjoy paying more money.",confirmshaming
⚠️ Selling fast! Only 9 left in stock!,scarcity
LAST CHANCE! OFFER ENDS IN 15:30!,urgency
Account Settings - Click here,normal
Free Shipping on orders over $50 (Standard Rate),normal
UI Element: Pre-checked: Automatically sign me up for weekly marketing emails and partner offers [Details],preselection
Last chance! Offer ends in 10:30!,urgency
"Alert: No, I prefer wasting time and paying full price!",confirmshaming
Accept All & Continue (Recommended) vs [Tiny link: Decline & customize] (Deceptive Button),misdirection
Notice: Misleading button label: 'Continue Free Trial' secretly charges $49.99 after 3 days -> Misdirection.,misdirection
Copyright 2026 All Rights Reserved - Available now,normal
Notice: Prominent 'AGREE & PAY' button vs disguised 'Manage preferences' hyperlink [Misleading UI].,misdirection
Alert: ⚠️ Mandatory software installation required to proceed to website (Mandatory)!,forced_action
Alert: Compulsory registration: enter phone number and permit marketing calls to proceed [Required]!,forced_action
Required action: Join our rewards program to complete your order - Action Required,forced_action
UI Element: Pre-checked: I agree to receive marketing communications from 50+ third-party sponsors (Checked) [Details],preselection
Notice: Default checked: Share my browsing profile with advertising network partners.,preselection
Sort by relevance - Click here,normal
Mandatory newsletter registration required to proceed to download -> Must agree to continue,forced_action
Checked by default: Add optional magazine subscription ($9.99/mo) to cart [Default On],preselection
Obstacle-ridden privacy controls: Rejecting cookies requires toggling 200 individual vendor switches - Data Exploitation,privacy_manipulation
Alert: Pre-checked: Automatically sign me up for weekly marketing emails and partner offers - Auto-enrolled!,preselection
Almost sold out! Only 3 remaining in warehouse!,scarcity
Notice: Mandatory survey completion required before downloading your file -> Must agree to continue.,forced_action
"Alert: No, I don't want VIP perks and special benefits!",confirmshaming
"Select: No thanks, I don't want a 20% discount on my purchase",confirmshaming
Mandatory survey completion required before downloading your file -> Must agree to continue,forced_action
Important: Trick phrasing: Check if you do not want us to refrain from sharing your data [Misleading UI] (Now),misdirection
Notice: Misleading button label: 'Continue Free Trial' secretly charges $49.99 after 3 days (Deceptive Button).,misdirection
Misleading button label: 'Continue Free Trial' secretly charges $49.99 after 3 days (Deceptive Button),misdirection
⚠️ You must download our toolbar application to view this content -> Must agree to continue,forced_action
New Arrivals - Official Store,normal
Update: Visual hierarchy trick: Huge 'UPGRADE NOW' button next to faded unclickable 'No thanks' (Deceptive Button) - Click here,misdirection
"Alert: Privacy confirmshaming: 'No, I don't care about my online privacy and safety' (Cookie Consent Trick)!",privacy_manipulation
Important: Deceptive consent renewal: Popup demands cookie permission repeatedly until user clicks Accept All - Data Exploitation (Now),privacy_manipulation
⚡ Countdown timer: 15 mins 59 secs remaining!,urgency
Alert: ⚠️ Required step: consent to third-party marketing to enable button - Action Required!,forced_action
"No thanks, Nah, I prefer paying full price for items",confirmshaming
Add to Cart - Click here,normal
Important: Accept All & Continue (Recommended) vs [Tiny link: Decline & customize] (Now),misdirection
Pre-checked: I agree to receive marketing communications from 50+ third-party sponsors (Checked),preselection
Weight: 1.2 lbs - Click here,normal
Countdown timer: 30 mins 00 secs remaining!,urgency
Manufacturer Warranty included - Available now,normal
Sale ends in 10 minutes!,urgency
Gift card code | Customer Care,normal
Sale ends in 15 minutes!,urgency
UI Element: Accept All & Continue (Recommended) vs [Tiny link: Decline & customize] -> Misdirection [Details],misdirection
⚡ Last chance! Offer ends in 45:30!,urgency
Share on Facebook - Official Store,normal
⚡ Last chance! Offer ends in 02:45!,urgency
Sign out | Customer Care,normal
UI Element: We value your privacy: Accept All Cookies & Data Selling (One-click) vs 15-step manual opt-out (Cookie Consent Trick) [Details],privacy_manipulation
Notice: ⚡ Hurry! Offer expires in 30:59 minutes!.,urgency
"Alert: No thanks, Nah, I prefer paying full price for items!",confirmshaming
Alert: Checked by default: Keep me logged in and allow persistent tracking cookies!,preselection
Important: Forced tracking consent: You must accept cross-site tracking cookies to view this page - Data Exploitation (Now),privacy_manipulation
UI Element: Allow all 500+ ad partners to track your activity across websites for personalized ads [Privacy Dark Pattern] [Details],privacy_manipulation
Default checked option: Subscribe to newsletter and agree to partner data access [Default On],preselection
UI Element: Pre-checked: Sign me up for VIP rewards club membership ($19.99/month) (Checked) [Details],preselection
⚠️ Only 4 left at this discounted rate!,scarcity
Update: Manipulative privacy choice: 'Allow tracking to keep service free' vs 'Pay $10/mo to opt-out of tracking' - Data Exploitation - Click here,privacy_manipulation
Countdown timer: 15 mins 59 secs remaining!,urgency
UI Element: Forced tracking consent: You must accept cross-site tracking cookies to view this page [Details],privacy_manipulation
Pre-checked checkbox: Opt-in to marketing telemetry and behavior profiling,preselection
UI Element: Misleading layout: 'X' button on popup actually opens promotional offer page [Details],misdirection
"Alert: No, I prefer being uninformed and losing out on deals (I'll pass)!",confirmshaming
Alert: Primary highlighted button: 'ADD EVERYTHING TO CART' | Hidden text: 'No thanks' [Misleading UI]!,misdirection
⚠️ Only 3 items left in stock!,scarcity
"Nah, I don't want to protect my purchase warranty (I'll pass)",confirmshaming
Notice: Must agree to mandatory data sharing to access free content.,forced_action
Notice: Pre-selected default: Add optional carbon offset donation ($2.50) to order (Pre-selected).,preselection
COUNTDOWN TIMER: 05 MINS 15 SECS REMAINING!,urgency
UI Element: Checked by default: Keep me logged in and allow persistent tracking cookies [Default On] [Details],preselection
Popular item! Only 1 left in our inventory!,scarcity
Previous page | Customer Care,normal
⚡ Hurry! Offer expires in 30:59 minutes!,urgency
Alert: Confusing privacy toggle: 'Disable Non-Essential Data Selling' (Default: OFF) (Cookie Consent Trick)!,privacy_manipulation
Important: Confusing wording: Uncheck this box if you DO NOT wish to NOT receive promotional offers -> Misdirection (Now),misdirection
Update: Selected: Automatically renew my subscription every month at full price - Auto-enrolled - Click here,preselection
Notice: Pre-checked checkbox: Opt-in to marketing telemetry and behavior profiling.,preselection
Alert: Account creation and promotional consent required to view price - Action Required!,forced_action
View Product Details - Click here,normal
LAST CHANCE! OFFER ENDS IN 45:45!,urgency
🔥 Stock is extremely low - only 12 items remaining!,scarcity
Important: Confusing wording: Uncheck this box if you DO NOT wish to NOT receive promotional offers (Now),misdirection
"Alert: Ambiguous action: 'Yes, don't show this again' enables background data collection (Deceptive Button)!",misdirection
"Notice: Nah, I'll pass on saving $50 today - I'll pay full price.",confirmshaming
⚡ Hurry! Offer expires in 15:00 minutes!,urgency
Pre-checked checkbox: Opt-in to marketing telemetry and behavior profiling (Checked),preselection
Mandatory software installation required to proceed to website [Required],forced_action
Alert: We value your privacy: Accept All Cookies & Data Selling (One-click) vs 15-step manual opt-out!,privacy_manipulation
Notice: Forced tracking consent: You must accept cross-site tracking cookies to view this page (Cookie Consent Trick).,privacy_manipulation
Required: Subscribe to our partner offers to unlock your free trial -> Must agree to continue,forced_action
HURRY! OFFER EXPIRES IN 02:30 MINUTES!,urgency
UI Element: Pre-checked checkbox: Opt-in to marketing telemetry and behavior profiling [Details],preselection
"Alert: Ambiguous action: 'Yes, don't show this again' enables background data collection!",misdirection
Alert: Big Green Button: ACCEPT ALL EXTRA CHARGES | Small grey text: Skip optional add-on!,misdirection
"Notice: Click here: No, I prefer being uninformed and losing out on deals.",confirmshaming
Notice: You must allow push notifications to continue using this website (Mandatory).,forced_action
Notice: You are required to share your location and contact list to access this feature.,forced_action
Update: Trick phrasing: Check if you do not want us to refrain from sharing your data - Click here,misdirection
Alert: Pre-checked checkbox: Opt-in to marketing telemetry and behavior profiling [Default On]!,preselection
Specification Sheet [Verified],normal
Required action: Join our rewards program to complete your order,forced_action
"Notice: Option: No thanks, I don't want a 20% discount on my purchase.",confirmshaming
Alert: ⚠️ You must allow push notifications to continue using this website [Required]!,forced_action
Notice: ⚠️ Mandatory survey completion required before downloading your file.,forced_action
Hurry! Offer expires in 15:45 minutes!,urgency
Important: Pre-selected: Automatically add extended warranty package ($14.99) to checkout (Checked) (Now),preselection
HURRY! OFFER EXPIRES IN 15:00 MINUTES!,urgency
Sort by price: high to low - Available now,normal
"Select: No, I don't want free shipping and exclusive discounts",confirmshaming
⚠️ Over 1 people are viewing this offer currently!,scarcity
Last chance! Offer ends in 02:45!,urgency
⚡ Hurry! Offer expires in 05:45 minutes!,urgency
Checked by default: Keep me logged in and allow persistent tracking cookies (Checked),preselection
"⚠️ To continue, you must agree to receive daily promotional SMS messages -> Must agree to continue",forced_action
"Select: Nah, I don't want to improve my skills and stay behind",confirmshaming
Cookie Notice: We use essential cookies to ensure web functionality. - Click here,normal
Update: Misleading layout: 'X' button on popup actually opens promotional offer page (Deceptive Button) - Click here,misdirection
"Alert: ⚠️ To continue, you must agree to receive daily promotional SMS messages!",forced_action
"Notice: Option: No, I don't want free shipping and exclusive discounts.",confirmshaming
"Click here: No, I don't want VIP perks and special benefits",confirmshaming
"Alert: Select: No thanks, I hate saving money!",confirmshaming
Notice: Pre-selected default: Add optional carbon offset donation ($2.50) to order - Auto-enrolled.,preselection
UI Element: Confusing privacy toggle: 'Disable Non-Essential Data Selling' (Default: OFF) [Privacy Dark Pattern] [Details],privacy_manipulation
Help Center - Learn More,normal
UI Element: Obstacle-ridden privacy controls: Rejecting cookies requires toggling 200 individual vendor switches [Details],privacy_manipulation
UI Element: Confusing wording: Uncheck this box if you DO NOT wish to NOT receive promotional offers (Deceptive Button) [Details],misdirection
Search results for headphones (Standard Rate),normal
Notice: ⚠️ You must create an account and subscribe to promotional emails to complete checkout.,forced_action
Notice: Pre-checked privacy consent: Automatically agree to share personal data with third-party brokers -> Privacy Violation.,privacy_manipulation
Alert: Pre-selected: Upgrade my ticket to non-refundable premium tier automatically!,preselection
Hurry! Offer expires in 45:59 minutes!,urgency
Alert: Misleading opt-out: 'Keep my discount' actually subscribes you to paid membership [Misleading UI]!,misdirection
"Deceptive choice: Click 'Cancel' to proceed with order, or 'OK' to abort -> Misdirection",misdirection
"Update: Click here: No, I prefer wasting time and paying full price - Click here",confirmshaming
UI Element: Accept All & Continue (Recommended) vs [Tiny link: Decline & customize] [Misleading UI] [Details],misdirection
"Alert: No, I don't want free shipping and exclusive discounts!",confirmshaming
"Important: Deceptive account privacy: Default settings set user profile, photos, and location to Public - Data Exploitation (Now)",privacy_manipulation
"Notice: Nah, I prefer paying full price for items - I'll pay full price.",confirmshaming
Alert: Big Green Button: ACCEPT ALL EXTRA CHARGES | Small grey text: Skip optional add-on - Visual Trickery!,misdirection
Alert: Mandatory software installation required to proceed to website [Required]!,forced_action
"Notice: Click here: Nah, I don't want to improve my skills and stay behind.",confirmshaming
UI Element: Checked by default: Add optional magazine subscription ($9.99/mo) to cart [Default On] [Details],preselection
HURRY! OFFER EXPIRES IN 02:15 MINUTES!,urgency
Important: Deceptive button: 'Download Now' installs third-party adware instead of software (Now),misdirection
Alert: Prominent 'AGREE & PAY' button vs disguised 'Manage preferences' hyperlink [Misleading UI]!,misdirection
Notice: Prominent 'AGREE & PAY' button vs disguised 'Manage preferences' hyperlink.,misdirection
Read our blog [Verified],normal
Download User Manual | Customer Care,normal
Alert: Misleading cookie banner: 'By remaining on this site you consent to full data collection & ad profiling' -> Privacy Violation!,privacy_manipulation
"Notice: Click here: No thanks, I'd rather miss out on amazing savings.",confirmshaming
HURRY! OFFER EXPIRES IN 45:00 MINUTES!,urgency
UI Element: Confusing wording: Uncheck this box if you DO NOT wish to NOT receive promotional offers -> Misdirection [Details],misdirection
Pre-checked: Sign me up for VIP rewards club membership ($19.99/month) (Checked),preselection
UI Element: Pre-checked: I agree to receive marketing communications from 50+ third-party sponsors - Auto-enrolled [Details],preselection
COUNTDOWN TIMER: 10 MINS 45 SECS REMAINING!,urgency
Share via Email - Official Store,normal
Notice: Mandatory newsletter registration required to proceed to download - Action Required.,forced_action
⚠️ Almost sold out! Only 9 remaining in warehouse!,scarcity
Alert: Misleading cookie banner: 'By remaining on this site you consent to full data collection & ad profiling' [Privacy Dark Pattern]!,privacy_manipulation
🔥 Hurry! Only 15 left - order soon!,scarcity
You must allow push notifications to continue using this website -> Must agree to continue,forced_action
Customer Reviews (4.5/5) - Details,normal
"Important: Deceptive account privacy: Default settings set user profile, photos, and location to Public -> Privacy Violation (Now)",privacy_manipulation
"No, I enjoy paying more money",confirmshaming
You must download our toolbar application to view this content (Mandatory),forced_action
Update: Misleading button label: 'Continue Free Trial' secretly charges $49.99 after 3 days (Deceptive Button) - Click here,misdirection
"Option: No, I don't want free shipping and exclusive discounts",confirmshaming
Update: Primary highlighted button: 'ADD EVERYTHING TO CART' | Hidden text: 'No thanks' -> Misdirection - Click here,misdirection
Apply discount code (Optional),normal
"Notice: No thanks, I prefer paying extra fees (I'll pass).",confirmshaming
COUNTDOWN TIMER: 02 MINS 15 SECS REMAINING!,urgency
Important: Selected: Automatically renew my subscription every month at full price (Now),preselection
⚠️ Only 15 items left before backorder!,scarcity
HURRY! OFFER EXPIRES IN 02:00 MINUTES!,urgency
Only 23 items left before backorder!,scarcity
Notice: Obstacle-ridden privacy controls: Rejecting cookies requires toggling 200 individual vendor switches (Cookie Consent Trick).,privacy_manipulation
Notice: ⚠️ Must agree to mandatory data sharing to access free content [Required].,forced_action
"Alert: Privacy confirmshaming: 'No, I don't care about my online privacy and safety'!",privacy_manipulation
⚠️ In high demand! 7 purchased in the last hour!,scarcity
No items matched your search query - Details,normal
HURRY! OFFER EXPIRES IN 05:59 MINUTES!,urgency
Important: Big Green Button: ACCEPT ALL EXTRA CHARGES | Small grey text: Skip optional add-on -> Misdirection (Now),misdirection
"No, I don't want free shipping and exclusive discounts",confirmshaming
Notice: ⚠️ Compulsory registration: enter phone number and permit marketing calls to proceed (Mandatory).,forced_action
Alert: You must allow push notifications to continue using this website - Action Required!,forced_action
⚡ Hurry! Offer expires in 15:30 minutes!,urgency
Standard Return Policy applies within 30 days (Standard Rate),normal
Notice: Default checked option: Subscribe to newsletter and agree to partner data access.,preselection
Over 7 people are viewing this offer currently!,scarcity
Wishlist - Details,normal
Important: Pre-checked: I agree to receive marketing communications from 50+ third-party sponsors [Default On] (Now),preselection
Important: Pre-checked: Automatically sign me up for weekly marketing emails and partner offers (Checked) (Now),preselection
"Alert: Option: Nah, I don't care about my security and privacy!",confirmshaming
Notice: You must download our toolbar application to view this content (Mandatory).,forced_action
⚠️ Required action: Join our rewards program to complete your order (Mandatory),forced_action
"Alert: Privacy confirmshaming: 'No, I don't care about my online privacy and safety' [Privacy Dark Pattern]!",privacy_manipulation
"Alert: Nah, I don't care about my security and privacy (I'll pass)!",confirmshaming
Important: Misleading opt-out: 'Keep my discount' actually subscribes you to paid membership [Misleading UI] (Now),misdirection
Misleading button label: 'Continue Free Trial' secretly charges $49.99 after 3 days,misdirection
Notice: ⚠️ Mandatory newsletter registration required to proceed to download -> Must agree to continue.,forced_action
Update: Confusing privacy toggle: 'Disable Non-Essential Data Selling' (Default: OFF) (Cookie Consent Trick) - Click here,privacy_manipulation
Notice: Confusing privacy toggle: 'Disable Non-Essential Data Selling' (Default: OFF) -> Privacy Violation.,privacy_manipulation
Notice: Misleading cookie banner: 'By remaining on this site you consent to full data collection & ad profiling' - Data Exploitation.,privacy_manipulation
Product Features | Customer Care,normal
ACT NOW BEFORE THIS DEAL VANISHES!,urgency
UI Element: Misleading cookie banner: 'By remaining on this site you consent to full data collection & ad profiling' [Details],privacy_manipulation
Hurry! Only 02 minutes left to claim 50% off!,urgency
⚠️ Almost sold out! Only 4 remaining in warehouse!,scarcity
Notice: Deceptive consent: Click 'I Agree' to sell your personal location and demographic data [Privacy Dark Pattern].,privacy_manipulation
Pre-checked checkbox: Opt-in to marketing telemetry and behavior profiling (Pre-selected),preselection
Alert: Checked by default: Keep me logged in and allow persistent tracking cookies (Pre-selected)!,preselection
🔥 Only 7 items left in stock!,scarcity
🔥 Limited stock available! Only 12 items left for immediate dispatch!,scarcity
Last chance! Offer ends in 15:15!,urgency
"Notice: Select: No, I don't want to protect my account with security updates.",confirmshaming
"Ambiguous action: 'Yes, don't show this again' enables background data collection -> Misdirection",misdirection
Limited time offer - act fast!,urgency
Last chance! Offer ends in 05:45!,urgency
Important: Deceptive consent renewal: Popup demands cookie permission repeatedly until user clicks Accept All [Privacy Dark Pattern] (Now),privacy_manipulation
⚡ Flash Sale! Prices revert to full price in 02 minutes!,urgency
Countdown timer: 02 mins 00 secs remaining!,urgency
Sort by price: high to low [Verified],normal
🔥 Limited stock available! Only 48 items left for immediate dispatch!,scarcity
Limited stock available! Only 7 items left for immediate dispatch!,scarcity
Notice: Compulsory registration: enter phone number and permit marketing calls to proceed - Action Required.,forced_action
Important: Manipulative privacy choice: 'Allow tracking to keep service free' vs 'Pay $10/mo to opt-out of tracking' [Privacy Dark Pattern] (Now),privacy_manipulation
Alert: We value your privacy: Accept All Cookies & Data Selling (One-click) vs 15-step manual opt-out -> Privacy Violation!,privacy_manipulation
"Nah, I don't want to improve my skills and stay behind (I'll pass)",confirmshaming
COUNTDOWN TIMER: 45 MINS 30 SECS REMAINING!,urgency
Notice: Misleading button label: 'Continue Free Trial' secretly charges $49.99 after 3 days - Visual Trickery.,misdirection
Dimensions: 10 x 5 x 2 inches - Official Store,normal
⚠️ In high demand! 15 purchased in the last hour!,scarcity
Update: Pre-checked checkbox: Opt-in to marketing telemetry and behavior profiling (Pre-selected) - Click here,preselection
Back to top - Available now,normal
"Click here: No thanks, I prefer paying extra fees",confirmshaming
Countdown timer: 15 mins 15 secs remaining!,urgency
"Alert: No thanks, I don't want a 20% discount on my purchase - I'll pay full price!",confirmshaming
"Update: Nah, I'll pass on saving $50 today (I'll pass) - Click here",confirmshaming
"Notice: Option: No, I don't care about getting the best value.",confirmshaming
Alert: Selected: Automatically renew my subscription every month at full price [Default On]!,preselection
Notice: LAST CHANCE! OFFER ENDS IN 10:30!.,urgency
Gift card code [Verified],normal
Misleading button label: 'Continue Free Trial' secretly charges $49.99 after 3 days - Visual Trickery,misdirection
Alert: Pre-checked: Sign me up for VIP rewards club membership ($19.99/month) (Checked)!,preselection
Alert: You must download our toolbar application to view this content [Required]!,forced_action
"Privacy manipulation: 'Accept All Cookies' button highlighted, 'Reject All' button disabled/hidden [Privacy Dark Pattern]",privacy_manipulation
Update: Pre-checked: Automatically sign me up for weekly marketing emails and partner offers (Checked) - Click here,preselection
Material: Stainless Steel - Details,normal
⚠️ Only 1 left at this discounted rate!,scarcity
Alert: Confusing double negative: Check box to refrain from not receiving marketing emails (Deceptive Button)!,misdirection
"Notice: Nah, I'll pass on saving $50 today.",confirmshaming
"⚠️ To continue, you must agree to receive daily promotional SMS messages - Action Required",forced_action
Notice: ⚡ Last chance! Offer ends in 02:59!.,urgency
Update: Pre-selected: Automatically add extended warranty package ($14.99) to checkout (Pre-selected) - Click here,preselection
"Update: Option: No thanks, I don't care about saving money - Click here",confirmshaming
"Privacy manipulation: 'Accept All Cookies' button highlighted, 'Reject All' button disabled/hidden",privacy_manipulation
Pre-selected: Upgrade my ticket to non-refundable premium tier automatically (Pre-selected),preselection
Alert: Compulsory registration: enter phone number and permit marketing calls to proceed -> Must agree to continue!,forced_action
⚠️ Stock is extremely low - only 4 items remaining!,scarcity
Alert: Confusing double negative: Check box to refrain from not receiving marketing emails [Misleading UI]!,misdirection
UI Element: Misleading cookie banner: 'By remaining on this site you consent to full data collection & ad profiling' (Cookie Consent Trick) [Details],privacy_manipulation
Popular item! Only 3 left in our inventory!,scarcity
🔥 Almost sold out! Only 3 remaining in warehouse!,scarcity
Update: Pre-selected default: Add optional carbon offset donation ($2.50) to order [Default On] - Click here,preselection
Material: Stainless Steel,normal
UI Element: Accept All & Continue (Recommended) vs [Tiny link: Decline & customize] - Visual Trickery [Details],misdirection
⚠️ Required: Subscribe to our partner offers to unlock your free trial - Action Required,forced_action
Alert: Confusing wording: Uncheck this box if you DO NOT wish to NOT receive promotional offers (Deceptive Button)!,misdirection
No items matched your search query (Optional),normal
⚡ Final hours! Special promotional price ends today!,urgency
Notice: ⚠️ Required step: consent to third-party marketing to enable button - Action Required.,forced_action
Alert: We value your privacy: Accept All Cookies & Data Selling (One-click) vs 15-step manual opt-out - Data Exploitation!,privacy_manipulation
Sign out (Optional),normal
Gift card code,normal
Notice: Hurry! Offer expires in 30:00 minutes!.,urgency
Notice: Hurry! Offer expires in 30:15 minutes!.,urgency
Update: Pre-checked: Automatically sign me up for weekly marketing emails and partner offers - Click here,preselection
Alert: Manipulative privacy choice: 'Allow tracking to keep service free' vs 'Pay $10/mo to opt-out of tracking' (Cookie Consent Trick)!,privacy_manipulation
⚠️ In high demand! 4 purchased in the last hour!,scarcity
Alert: Prominent 'AGREE & PAY' button vs disguised 'Manage preferences' hyperlink!,misdirection
Privacy Policy - Available now,normal
Pre-selected: Enroll me in auto-bill pay and recurring monthly membership (Checked),preselection
UI Element: Obstacle-ridden privacy controls: Rejecting cookies requires toggling 200 individual vendor switches (Cookie Consent Trick) [Details],privacy_manipulation
Alert: Pre-selected default: Add optional carbon offset donation ($2.50) to order [Default On]!,preselection
LAST CHANCE! OFFER ENDS IN 30:15!,urgency
🔥 Limited stock available! Only 7 items left for immediate dispatch!,scarcity
Countdown timer: 45 mins 59 secs remaining!,urgency
Alert: Confusing wording: Uncheck this box if you DO NOT wish to NOT receive promotional offers [Misleading UI]!,misdirection
Product Features (Standard Rate),normal
FINAL HOURS! SPECIAL PROMOTIONAL PRICE ENDS TODAY!,urgency
Share via Email - Learn More,normal
Default checked: Share my browsing profile with advertising network partners (Checked),preselection
Important: Accept All & Continue (Recommended) vs [Tiny link: Decline & customize] [Misleading UI] (Now),misdirection
Update: Pre-selected: Enroll me in auto-bill pay and recurring monthly membership - Click here,preselection
UI Element: Confusing wording: Uncheck this box if you DO NOT wish to NOT receive promotional offers - Visual Trickery [Details],misdirection
Notice: Account creation and promotional consent required to view price.,forced_action
⚠️ Only 12 left at this discounted rate!,scarcity
🔥 In high demand! 7 purchased in the last hour!,scarcity
🔥 Almost sold out! Only 7 remaining in warehouse!,scarcity
"Alert: No thanks, No, I don't want to save money and prefer paying full price!",confirmshaming
Update: Accept All & Continue (Recommended) vs [Tiny link: Decline & customize] -> Misdirection - Click here,misdirection
UI Element: Selected: Automatically renew my subscription every month at full price (Pre-selected) [Details],preselection
Notice: Only 45 minutes left to qualify for free express shipping!.,urgency
⚠️ Hurry! Only 1 left - order soon!,scarcity
Required step: consent to third-party marketing to enable button -> Must agree to continue,forced_action
UI Element: Misleading button label: 'Continue Free Trial' secretly charges $49.99 after 3 days -> Misdirection [Details],misdirection
"Update: Privacy manipulation: 'Accept All Cookies' button highlighted, 'Reject All' button disabled/hidden - Click here",privacy_manipulation
⚠️ Low inventory warning: only 23 units remain!,scarcity
Hurry up! Just 1 spots available at this price!,scarcity
Manipulative privacy choice: 'Allow tracking to keep service free' vs 'Pay $10/mo to opt-out of tracking' [Privacy Dark Pattern],privacy_manipulation
"Notice: Nah, I don't want to improve my skills and stay behind.",confirmshaming
"To continue, you must agree to receive daily promotional SMS messages - Action Required",forced_action
Need assistance? Chat with us,normal
Standard Shipping Rate applies (Optional),normal
Limited stock available! Only 5 items left for immediate dispatch!,scarcity
Important: Hard-to-find opt-out: 'Do Not Sell My Personal Information' link hidden in footer 8pt font -> Privacy Violation (Now),privacy_manipulation
"UI Element: Ambiguous action: 'Yes, don't show this again' enables background data collection - Visual Trickery [Details]",misdirection
Payment Method: Credit Card (Optional),normal
⚠️ Stock is extremely low - only 23 items remaining!,scarcity
Compare Items - Official Store,normal
Quantity: 1 - Click here,normal
Last chance! Offer ends in 10:59!,urgency
Payment Method: Credit Card - Official Store,normal
Important: Pre-selected box: Opt-in to promotional SMS text messaging and robo-calls (Pre-selected) (Now),preselection
User Profile - Learn More,normal
Pre-selected: Enroll me in auto-bill pay and recurring monthly membership (Pre-selected),preselection
"Alert: Deceptive choice: Click 'Cancel' to proceed with order, or 'OK' to abort - Visual Trickery!",misdirection
🔥 Only 1 items left in stock!,scarcity
"Notice: No thanks, I don't want free unlimited access - I'll pay full price.",confirmshaming
⚠️ You must allow push notifications to continue using this website (Mandatory),forced_action
"Nah, I prefer paying full price for items",confirmshaming
Notice: ⚠️ Required action: Join our rewards program to complete your order [Required].,forced_action
⚡ Hurry! Offer expires in 05:30 minutes!,urgency
"Notice: Nah, I don't want to improve my skills and stay behind (I'll pass).",confirmshaming
You must allow push notifications to continue using this website - Action Required,forced_action
Pre-selected box: Opt-in to promotional SMS text messaging and robo-calls (Pre-selected),preselection
Alert: ⚠️ You must download our toolbar application to view this content (Mandatory)!,forced_action
Notice: Manipulative privacy choice: 'Allow tracking to keep service free' vs 'Pay $10/mo to opt-out of tracking' [Privacy Dark Pattern].,privacy_manipulation
Search results for headphones (Optional),normal
🔥 Stock is extremely low - only 15 items remaining!,scarcity
Checked by default: Add $4.99 premium shipping protection insurance to my order,preselection
Important: Prominent 'AGREE & PAY' button vs disguised 'Manage preferences' hyperlink [Misleading UI] (Now),misdirection
Save Changes | Customer Care,normal
Alert: Forced tracking consent: You must accept cross-site tracking cookies to view this page -> Privacy Violation!,privacy_manipulation
Hurry! Offer expires in 45:00 minutes!,urgency
Help Center,normal
Update: Prominent 'AGREE & PAY' button vs disguised 'Manage preferences' hyperlink [Misleading UI] - Click here,misdirection
"Select: No, I don't want to save money and prefer paying full price",confirmshaming
Discount code valid for the next 15 minutes only!,urgency
"Alert: No thanks, I don't care about saving money (I'll pass)!",confirmshaming
Update: Pre-selected default: Add optional carbon offset donation ($2.50) to order - Click here,preselection
Pre-checked: Sign me up for VIP rewards club membership ($19.99/month) [Default On],preselection
Alert: Required action: Join our rewards program to complete your order - Action Required!,forced_action
⚡ Last chance! Offer ends in 30:59!,urgency
⚠️ Only 48 items left in stock!,scarcity
Trick phrasing: Check if you do not want us to refrain from sharing your data (Deceptive Button),misdirection
Home - Details,normal
Explore catalog,normal
Update: Pre-checked privacy consent: Automatically agree to share personal data with third-party brokers (Cookie Consent Trick) - Click here,privacy_manipulation
Sale ends in 02 minutes!,urgency
Important: Deceptive consent: Click 'I Agree' to sell your personal location and demographic data [Privacy Dark Pattern] (Now),privacy_manipulation
LIMITED TIME OFFER - ACT FAST!,urgency
Update: Forced tracking consent: You must accept cross-site tracking cookies to view this page [Privacy Dark Pattern] - Click here,privacy_manipulation
"Click here: Nah, I'll pass on saving $50 today",confirmshaming
"Alert: ⚠️ To read this article, you must subscribe to our daily email newsletter [Required]!",forced_action
Notice: Mandatory software installation required to proceed to website - Action Required.,forced_action
Notice: Required action: Join our rewards program to complete your order.,forced_action
⚠️ Required step: consent to third-party marketing to enable button (Mandatory),forced_action
Notice: ⚠️ You must allow push notifications to continue using this website (Mandatory).,forced_action
"Welcome back, User | Customer Care",normal
Important: Prominent 'AGREE & PAY' button vs disguised 'Manage preferences' hyperlink - Visual Trickery (Now),misdirection
"To read this article, you must subscribe to our daily email newsletter -> Must agree to continue",forced_action
Download User Manual (Standard Rate),normal
⚡ Countdown timer: 02 mins 30 secs remaining!,urgency
Download user guide,normal
Alert: Mandatory software installation required to proceed to website -> Must agree to continue!,forced_action
COUNTDOWN TIMER: 05 MINS 30 SECS REMAINING!,urgency
2 people have this product in their cart right now!,scarcity
Important: Confusing double negative: Check box to refrain from not receiving marketing emails -> Misdirection (Now),misdirection
⚡ Countdown timer: 15 mins 15 secs remaining!,urgency
🔥 Only 5 items left before backorder!,scarcity
"Alert: No thanks, I don't care about saving money - I'll pay full price!",confirmshaming
🔥 Low inventory warning: only 2 units remain!,scarcity
Sign out,normal
Trick phrasing: Check if you do not want us to refrain from sharing your data,misdirection
Best Sellers [Verified],normal
Important: Misleading cookie banner: 'By remaining on this site you consent to full data collection & ad profiling' (Cookie Consent Trick) (Now),privacy_manipulation
No items matched your search query [Verified],normal
"Notice: No, I enjoy paying more money - I'll pay full price.",confirmshaming
Compatibility: iOS and Android - Details,normal
"Option: Nah, I'll pass on saving $50 today",confirmshaming
Update: Checked by default: Keep me logged in and allow persistent tracking cookies (Checked) - Click here,preselection
Default checked option: Subscribe to newsletter and agree to partner data access (Checked),preselection
"Notice: No thanks, I don't want a 20% discount on my purchase.",confirmshaming
Last chance! Offer ends in 05:30!,urgency
Checked by default: Keep me logged in and allow persistent tracking cookies,preselection
"Alert: No, I don't want to save money and prefer paying full price!",confirmshaming
Notice: ⚠️ You are required to share your location and contact list to access this feature -> Must agree to continue.,forced_action
Notice: You are required to share your location and contact list to access this feature - Action Required.,forced_action
Deceptive privacy setting: 'Enhance your experience' secretly enables microphone & location telemetry -> Privacy Violation,privacy_manipulation
UI Element: Prominent 'AGREE & PAY' button vs disguised 'Manage preferences' hyperlink (Deceptive Button) [Details],misdirection
"Important: Deceptive account privacy: Default settings set user profile, photos, and location to Public [Privacy Dark Pattern] (Now)",privacy_manipulation
⚠️ Only 15 left at this discounted rate!,scarcity
⚡ Sale ends in 10 minutes!,urgency
Last chance! Offer ends in 15:00!,urgency
Hurry! Only 2 left - order soon!,scarcity
Countdown timer: 05 mins 30 secs remaining!,urgency
Print Receipt | Customer Care,normal
Print Receipt - Available now,normal
"Notice: No thanks, I don't care about saving money - I'll pay full price.",confirmshaming
"Notice: Ambiguous action: 'Yes, don't show this again' enables background data collection [Misleading UI].",misdirection
Notice: Forced tracking consent: You must accept cross-site tracking cookies to view this page.,privacy_manipulation
🔥 Only 23 items left in stock!,scarcity
Notice: Hard-to-find opt-out: 'Do Not Sell My Personal Information' link hidden in footer 8pt font (Cookie Consent Trick).,privacy_manipulation
Low inventory warning: only 2 units remain!,scarcity
Read branch list,normal
Deceptive privacy setting: 'Enhance your experience' secretly enables microphone & location telemetry [Privacy Dark Pattern],privacy_manipulation
Alert: Selected: Automatically renew my subscription every month at full price (Checked)!,preselection
Log In | Customer Care,normal
Countdown timer: 30 mins 59 secs remaining!,urgency
5 people have this product in their cart right now!,scarcity
"Alert: No thanks, I don't want free unlimited access!",confirmshaming
Alert: Checked by default: Add optional magazine subscription ($9.99/mo) to cart!,preselection
Notice: Confusing double negative: Check box to refrain from not receiving marketing emails - Visual Trickery.,misdirection
"Alert: Nah, I don't want to protect my purchase warranty (I'll pass)!",confirmshaming
"Alert: No, I don't want VIP perks and special benefits - I'll pay full price!",confirmshaming
🔥 Over 9 people are viewing this offer currently!,scarcity
Store Locator (Standard Rate),normal
Subscribe to newsletter for weekly updates (Standard Rate),normal
Update: Confusing wording: Uncheck this box if you DO NOT wish to NOT receive promotional offers (Deceptive Button) - Click here,misdirection
⚡ Urgent! Claim your free gift within 05 minutes!,urgency
User Profile - Click here,normal
Update: Confusing double negative: Check box to refrain from not receiving marketing emails (Deceptive Button) - Click here,misdirection
Update: Checked by default: Add optional magazine subscription ($9.99/mo) to cart (Pre-selected) - Click here,preselection
Alert: Deceptive privacy setting: 'Enhance your experience' secretly enables microphone & location telemetry - Data Exploitation!,privacy_manipulation
"Select: No, I prefer being uninformed and losing out on deals",confirmshaming
"Privacy confirmshaming: 'No, I don't care about my online privacy and safety' -> Privacy Violation",privacy_manipulation
🔥 Stock is extremely low - only 2 items remaining!,scarcity
"Alert: To read this article, you must subscribe to our daily email newsletter (Mandatory)!",forced_action
"Alert: Option: No, I don't want free shipping and exclusive discounts!",confirmshaming
"Notice: No, I don't want free shipping and exclusive discounts - I'll pay full price.",confirmshaming
UI Element: Manipulative privacy choice: 'Allow tracking to keep service free' vs 'Pay $10/mo to opt-out of tracking' -> Privacy Violation [Details],privacy_manipulation
Alert: Trick phrasing: Check if you do not want us to refrain from sharing your data [Misleading UI]!,misdirection
In Stock - Official Store,normal
COUNTDOWN TIMER: 05 MINS 59 SECS REMAINING!,urgency
Alert: Default checked option: Subscribe to newsletter and agree to partner data access (Pre-selected)!,preselection
Important: Pre-checked checkbox: Opt-in to marketing telemetry and behavior profiling (Now),preselection
Notice: Pre-checked: Sign me up for VIP rewards club membership ($19.99/month) (Checked).,preselection
Update: Checked by default: Keep me logged in and allow persistent tracking cookies - Click here,preselection
Estimated Delivery: 3-5 business days [Verified],normal
"No thanks, No thanks, I prefer paying extra fees",confirmshaming
Only 3 left at this discounted rate!,scarcity
Misleading button label: 'Continue Free Trial' secretly charges $49.99 after 3 days [Misleading UI],misdirection
Alert: Pre-selected box: Opt-in to promotional SMS text messaging and robo-calls (Pre-selected)!,preselection
LAST CHANCE! OFFER ENDS IN 10:59!,urgency
Notice: Checked by default: Add optional magazine subscription ($9.99/mo) to cart (Pre-selected).,preselection
🔥 In high demand! 4 purchased in the last hour!,scarcity
Product Features - Official Store,normal
"Alert: No thanks, No thanks, I hate saving money!",confirmshaming
Notice: SALE ENDS IN 45 MINUTES!.,urgency
Important: Visual hierarchy trick: Huge 'UPGRADE NOW' button next to faded unclickable 'No thanks' [Misleading UI] (Now),misdirection
Update: Default checked: Share my browsing profile with advertising network partners (Checked) - Click here,preselection
"Click here: No, I don't want to save money and prefer paying full price",confirmshaming
"No thanks, I don't want a 20% discount on my purchase - I'll pay full price",confirmshaming
UI Element: Misleading button label: 'Continue Free Trial' secretly charges $49.99 after 3 days (Deceptive Button) [Details],misdirection
Notice: Visually prominent 'ACCEPT ALL SPONSORS' vs hidden invisible 'Reject all' button (Deceptive Button).,misdirection
"To continue, you must agree to receive daily promotional SMS messages (Mandatory)",forced_action
"Important: Deceptive choice: Click 'Cancel' to proceed with order, or 'OK' to abort -> Misdirection (Now)",misdirection
URGENT! CLAIM YOUR FREE GIFT WITHIN 45 MINUTES!,urgency
Notice: Mandatory software installation required to proceed to website -> Must agree to continue.,forced_action
UI Element: Deceptive button: 'Download Now' installs third-party adware instead of software - Visual Trickery [Details],misdirection
Notice: Deceptive button: 'Download Now' installs third-party adware instead of software (Deceptive Button).,misdirection
⚠️ Selling fast! Only 5 left in stock!,scarcity
"Privacy confirmshaming: 'No, I don't care about my online privacy and safety' [Privacy Dark Pattern]",privacy_manipulation
Important: Pre-selected default: Add optional carbon offset donation ($2.50) to order [Default On] (Now),preselection
Notice: Hard-to-find opt-out: 'Do Not Sell My Personal Information' link hidden in footer 8pt font - Data Exploitation.,privacy_manipulation
UI Element: Misleading button label: 'Continue Free Trial' secretly charges $49.99 after 3 days [Misleading UI] [Details],misdirection
Notice: Pre-checked: I agree to receive marketing communications from 50+ third-party sponsors [Default On].,preselection
"Alert: To continue, you must agree to receive daily promotional SMS messages [Required]!",forced_action
Update: Checked by default: Keep me logged in and allow persistent tracking cookies - Auto-enrolled - Click here,preselection
Read our blog - Official Store,normal
Alert: Mandatory newsletter registration required to proceed to download [Required]!,forced_action
"No thanks, No, I don't want to save money and prefer paying full price",confirmshaming
Material: Stainless Steel - Click here,normal
"Alert: Click here: No thanks, I don't want free unlimited access!",confirmshaming
Important: Obstacle-ridden privacy controls: Rejecting cookies requires toggling 200 individual vendor switches - Data Exploitation (Now),privacy_manipulation
Download User Manual - Click here,normal
Update: Pre-checked: Automatically sign me up for weekly marketing emails and partner offers [Default On] - Click here,preselection
Filter by price [Verified],normal
⚠️ Compulsory registration: enter phone number and permit marketing calls to proceed [Required],forced_action
Alert: Visually prominent 'ACCEPT ALL SPONSORS' vs hidden invisible 'Reject all' button (Deceptive Button)!,misdirection
"Select: No, I enjoy paying more money",confirmshaming
⚠️ Low inventory warning: only 3 units remain!,scarcity
Alert: Obstacle-ridden privacy controls: Rejecting cookies requires toggling 200 individual vendor switches (Cookie Consent Trick)!,privacy_manipulation
"Alert: Select: No thanks, I prefer paying extra fees!",confirmshaming
⚠️ Low inventory warning: only 12 units remain!,scarcity
Cookie Notice: We use essential cookies to ensure web functionality. (Optional),normal
Important: Big Green Button: ACCEPT ALL EXTRA CHARGES | Small grey text: Skip optional add-on [Misleading UI] (Now),misdirection
"Notice: No, I prefer wasting time and paying full price.",confirmshaming
UI Element: Hard-to-find opt-out: 'Do Not Sell My Personal Information' link hidden in footer 8pt font -> Privacy Violation [Details],privacy_manipulation
⚠️ Hurry! Only 2 left - order soon!,scarcity
"Alert: Option: No thanks, I don't care about saving money!",confirmshaming
Notice: Last chance! Offer ends in 10:59!.,urgency
"Alert: Privacy manipulation: 'Accept All Cookies' button highlighted, 'Reject All' button disabled/hidden -> Privacy Violation!",privacy_manipulation
"Alert: No thanks, I prefer paying extra fees - I'll pay full price!",confirmshaming
HURRY! OFFER EXPIRES IN 45:30 MINUTES!,urgency
Prominent 'AGREE & PAY' button vs disguised 'Manage preferences' hyperlink - Visual Trickery,misdirection
Big Green Button: ACCEPT ALL EXTRA CHARGES | Small grey text: Skip optional add-on - Visual Trickery,misdirection
"Alert: Option: Nah, I prefer paying full price for items!",confirmshaming
UI Element: Confusing double negative: Check box to refrain from not receiving marketing emails [Details],misdirection
UI Element: Trick phrasing: Check if you do not want us to refrain from sharing your data (Deceptive Button) [Details],misdirection
⚠️ Hurry up! Just 3 spots available at this price!,scarcity
Alert: ⚠️ You must create an account and subscribe to promotional emails to complete checkout [Required]!,forced_action
Alert: You must create an account and subscribe to promotional emails to complete checkout!,forced_action
UI Element: Checked by default: Add optional magazine subscription ($9.99/mo) to cart (Checked) [Details],preselection
UI Element: Allow all 500+ ad partners to track your activity across websites for personalized ads (Cookie Consent Trick) [Details],privacy_manipulation
Last chance! Offer ends in 30:15!,urgency
Item added to cart (Optional),normal
⚡ Discount code valid for the next 15 minutes only!,urgency
Update: Confusing wording: Uncheck this box if you DO NOT wish to NOT receive promotional offers - Visual Trickery - Click here,misdirection
Alert: Primary highlighted button: 'ADD EVERYTHING TO CART' | Hidden text: 'No thanks' -> Misdirection!,misdirection
Share via Email,normal
Alert: You are required to share your location and contact list to access this feature (Mandatory)!,forced_action
Notice: ⚠️ You must download our toolbar application to view this content (Mandatory).,forced_action
Accept All & Continue (Recommended) vs [Tiny link: Decline & customize],misdirection
"Alert: Click here: No, I prefer being uninformed and losing out on deals!",confirmshaming
"Notice: Click here: No, I don't want to save money and prefer paying full price.",confirmshaming
"⚠️ To read this article, you must subscribe to our daily email newsletter (Mandatory)",forced_action
"Deceptive account privacy: Default settings set user profile, photos, and location to Public (Cookie Consent Trick)",privacy_manipulation
"Notice: Deceptive choice: Click 'Cancel' to proceed with order, or 'OK' to abort - Visual Trickery.",misdirection
"To read this article, you must subscribe to our daily email newsletter (Mandatory)",forced_action
Confusing wording: Uncheck this box if you DO NOT wish to NOT receive promotional offers,misdirection
"UI Element: Privacy confirmshaming: 'No, I don't care about my online privacy and safety' [Privacy Dark Pattern] [Details]",privacy_manipulation
UI Element: Deceptive consent: Click 'I Agree' to sell your personal location and demographic data -> Privacy Violation [Details],privacy_manipulation
Update: Misleading button label: 'Continue Free Trial' secretly charges $49.99 after 3 days - Visual Trickery - Click here,misdirection
Notice: ⚠️ Mandatory software installation required to proceed to website.,forced_action
⚠️ Mandatory survey completion required before downloading your file -> Must agree to continue,forced_action
Cancel Edit,normal
"Notice: ⚠️ To read this article, you must subscribe to our daily email newsletter - Action Required.",forced_action
Update: Allow all 500+ ad partners to track your activity across websites for personalized ads (Cookie Consent Trick) - Click here,privacy_manipulation
"Update: No thanks, I don't want free unlimited access - Click here",confirmshaming
UI Element: Pre-selected: Enroll me in auto-bill pay and recurring monthly membership (Checked) [Details],preselection
Update: Confusing privacy toggle: 'Disable Non-Essential Data Selling' (Default: OFF) -> Privacy Violation - Click here,privacy_manipulation
Download terms of use,normal
Notice: Default checked option: Subscribe to newsletter and agree to partner data access (Checked).,preselection
"Alert: Select: No thanks, I don't want a 20% discount on my purchase!",confirmshaming
COUNTDOWN TIMER: 15 MINS 59 SECS REMAINING!,urgency
Download User Manual (Optional),normal
Hard-to-find opt-out: 'Do Not Sell My Personal Information' link hidden in footer 8pt font - Data Exploitation,privacy_manipulation
⚡ Flash Sale! Prices revert to full price in 10 minutes!,urgency
Cancel Edit - Official Store,normal
🔥 Hurry! Only 4 left - order soon!,scarcity
Alert: Forced tracking consent: You must accept cross-site tracking cookies to view this page (Cookie Consent Trick)!,privacy_manipulation
"No thanks, I hate saving money - I'll pay full price",confirmshaming
Notice: Confusing privacy toggle: 'Disable Non-Essential Data Selling' (Default: OFF) [Privacy Dark Pattern].,privacy_manipulation
Last chance! Offer ends in 05:59!,urgency
Update: Pre-selected: Automatically add extended warranty package ($14.99) to checkout - Auto-enrolled - Click here,preselection
Wishlist - Official Store,normal
Hurry! Offer expires in 15:59 minutes!,urgency
Alert: Hard-to-find opt-out: 'Do Not Sell My Personal Information' link hidden in footer 8pt font (Cookie Consent Trick)!,privacy_manipulation
Alert: Required: Subscribe to our partner offers to unlock your free trial [Required]!,forced_action
Countdown timer: 10 mins 00 secs remaining!,urgency
Alert: Pre-selected: Automatically add extended warranty package ($14.99) to checkout (Checked)!,preselection
Obstacle-ridden privacy controls: Rejecting cookies requires toggling 200 individual vendor switches [Privacy Dark Pattern],privacy_manipulation
User Profile | Customer Care,normal
Alert: Misleading opt-out: 'Keep my discount' actually subscribes you to paid membership (Deceptive Button)!,misdirection
Notice: Pre-checked checkbox: Opt-in to marketing telemetry and behavior profiling (Checked).,preselection
Selling fast! Only 7 left in stock!,scarcity
⚡ Last chance! Offer ends in 02:15!,urgency
Hurry! Offer expires in 05:45 minutes!,urgency
Notice: Big Green Button: ACCEPT ALL EXTRA CHARGES | Small grey text: Skip optional add-on [Misleading UI].,misdirection
Hurry! Offer expires in 02:59 minutes!,urgency
Alert: Forced tracking consent: You must accept cross-site tracking cookies to view this page!,privacy_manipulation
Limited stock available! Only 15 items left for immediate dispatch!,scarcity
UI Element: Trick phrasing: Check if you do not want us to refrain from sharing your data -> Misdirection [Details],misdirection
"Notice: Deceptive account privacy: Default settings set user profile, photos, and location to Public.",privacy_manipulation
Print documentation,normal
UI Element: Default checked: Share my browsing profile with advertising network partners (Checked) [Details],preselection
Subscribe to newsletter for weekly updates - Learn More,normal
UI Element: Misleading cookie banner: 'By remaining on this site you consent to full data collection & ad profiling' [Privacy Dark Pattern] [Details],privacy_manipulation
⚡ Last chance! Offer ends in 15:00!,urgency
"Notice: Privacy manipulation: 'Accept All Cookies' button highlighted, 'Reject All' button disabled/hidden - Data Exploitation.",privacy_manipulation
🔥 Over 7 people are viewing this offer currently!,scarcity
"Notice: No, I prefer being uninformed and losing out on deals (I'll pass).",confirmshaming
Notice: Deceptive consent: Click 'I Agree' to sell your personal location and demographic data.,privacy_manipulation
"Nah, I don't care about my security and privacy",confirmshaming
Update: Pre-selected: Enroll me in auto-bill pay and recurring monthly membership (Pre-selected) - Click here,preselection
"No, I don't want to protect my account with security updates (I'll pass)",confirmshaming
Important: Checked by default: Add optional magazine subscription ($9.99/mo) to cart (Pre-selected) (Now),preselection
"Option: No, I enjoy paying more money",confirmshaming
⚠️ Almost sold out! Only 7 remaining in warehouse!,scarcity
"Update: Click here: Nah, I don't want to protect my purchase warranty - Click here",confirmshaming
"Alert: Select: No thanks, I'd rather miss out on amazing savings!",confirmshaming
Hurry! Only 05 minutes left to claim 50% off!,urgency
Update: Deceptive consent: Click 'I Agree' to sell your personal location and demographic data - Click here,privacy_manipulation
My Orders | Customer Care,normal
Alert: Deceptive consent renewal: Popup demands cookie permission repeatedly until user clicks Accept All - Data Exploitation!,privacy_manipulation
Alert: Checked by default: Add $4.99 premium shipping protection insurance to my order - Auto-enrolled!,preselection
Notice: Account creation and promotional consent required to view price -> Must agree to continue.,forced_action
Next page,normal
Alert: Pre-checked: Automatically sign me up for weekly marketing emails and partner offers [Default On]!,preselection
Notice: Misleading button label: 'Continue Free Trial' secretly charges $49.99 after 3 days.,misdirection
Notice: Confusing wording: Uncheck this box if you DO NOT wish to NOT receive promotional offers -> Misdirection.,misdirection
Alert: Visual hierarchy trick: Huge 'UPGRADE NOW' button next to faded unclickable 'No thanks'!,misdirection
"Option: No, I don't want VIP perks and special benefits",confirmshaming
UI Element: Pre-selected default: Add optional carbon offset donation ($2.50) to order - Auto-enrolled [Details],preselection
"Notice: No thanks, Nah, I don't want to protect my purchase warranty.",confirmshaming
Notice: Big Green Button: ACCEPT ALL EXTRA CHARGES | Small grey text: Skip optional add-on -> Misdirection.,misdirection
Alert: Mandatory survey completion required before downloading your file [Required]!,forced_action
Alert: Deceptive consent: Click 'I Agree' to sell your personal location and demographic data - Data Exploitation!,privacy_manipulation
Manufacturer Warranty included - Official Store,normal
Follow us on Twitter - Official Store,normal
Notice: Required: Subscribe to our partner offers to unlock your free trial -> Must agree to continue.,forced_action
🔥 Almost sold out! Only 23 remaining in warehouse!,scarcity
Place Order [Verified],normal
Check shipping policy,normal
⚡ Only 30 minutes left to qualify for free express shipping!,urgency
Contact Us - Details,normal
Important: Big Green Button: ACCEPT ALL EXTRA CHARGES | Small grey text: Skip optional add-on - Visual Trickery (Now),misdirection
Important: Misleading layout: 'X' button on popup actually opens promotional offer page (Now),misdirection
Mandatory survey completion required before downloading your file [Required],forced_action
Read pricing table,normal
COUNTDOWN TIMER: 02 MINS 45 SECS REMAINING!,urgency
🔥 Only 23 left at this discounted rate!,scarcity
UI Element: Forced tracking consent: You must accept cross-site tracking cookies to view this page - Data Exploitation [Details],privacy_manipulation
Compulsory registration: enter phone number and permit marketing calls to proceed (Mandatory),forced_action
⚠️ Hurry up! Just 15 spots available at this price!,scarcity
Page 1 of 5 (Standard Rate),normal
"Click here: No, I don't want to protect my account with security updates",confirmshaming
"Notice: Select: No, I don't care about getting the best value.",confirmshaming
⚠️ 1 people have this product in their cart right now!,scarcity
"No thanks, I don't want free unlimited access (I'll pass)",confirmshaming
Update: Checked by default: Add optional magazine subscription ($9.99/mo) to cart - Auto-enrolled - Click here,preselection
DISCOUNT CODE VALID FOR THE NEXT 02 MINUTES ONLY!,urgency
Alert: You must allow push notifications to continue using this website -> Must agree to continue!,forced_action
Update: Checked by default: Add $4.99 premium shipping protection insurance to my order - Click here,preselection
UI Element: Pre-checked checkbox: Opt-in to marketing telemetry and behavior profiling - Auto-enrolled [Details],preselection
"Notice: Select: Nah, I don't want to improve my skills and stay behind.",confirmshaming
Important: Pre-selected: Upgrade my ticket to non-refundable premium tier automatically - Auto-enrolled (Now),preselection
Pre-checked: Automatically sign me up for weekly marketing emails and partner offers [Default On],preselection
Alert: Required step: consent to third-party marketing to enable button -> Must agree to continue!,forced_action
"Notice: Option: No, I prefer wasting time and paying full price.",confirmshaming
Important: Pre-checked: I agree to receive marketing communications from 50+ third-party sponsors (Pre-selected) (Now),preselection
COUNTDOWN TIMER: 10 MINS 30 SECS REMAINING!,urgency
UI Element: Trick phrasing: Check if you do not want us to refrain from sharing your data [Details],misdirection
You must download our toolbar application to view this content [Required],forced_action
Change Password - Learn More,normal
🔥 High demand! Only 4 units available!,scarcity
Pre-selected: Upgrade my ticket to non-refundable premium tier automatically - Auto-enrolled,preselection
Required: Subscribe to our partner offers to unlock your free trial,forced_action
🔥 Limited stock available! Only 23 items left for immediate dispatch!,scarcity
⚡ Sale ends in 15 minutes!,urgency
Hurry up! Just 2 spots available at this price!,scarcity
Notice: ⚠️ Mandatory software installation required to proceed to website -> Must agree to continue.,forced_action
UI Element: Pre-checked: I agree to receive marketing communications from 50+ third-party sponsors (Pre-selected) [Details],preselection
"No thanks, Nah, I'll pass on saving $50 today",confirmshaming
Notice: Confusing double negative: Check box to refrain from not receiving marketing emails [Misleading UI].,misdirection
"Alert: Privacy manipulation: 'Accept All Cookies' button highlighted, 'Reject All' button disabled/hidden!",privacy_manipulation
Last chance! Offer ends in 02:15!,urgency
⚡ Urgent! Claim your free gift within 02 minutes!,urgency
Alert: Pre-checked: Sign me up for VIP rewards club membership ($19.99/month) [Default On]!,preselection
Notice: Confusing double negative: Check box to refrain from not receiving marketing emails (Deceptive Button).,misdirection
🔥 Almost sold out! Only 5 remaining in warehouse!,scarcity
Quantity: 1 | Customer Care,normal
⚡ Countdown timer: 30 mins 00 secs remaining!,urgency
Important: Deceptive consent: Click 'I Agree' to sell your personal location and demographic data (Now),privacy_manipulation
Email Notifications Preferences (Optional),normal
"Alert: No thanks, I prefer paying extra fees (I'll pass)!",confirmshaming
Stock is extremely low - only 7 items remaining!,scarcity
Cookie Notice: We use essential cookies to ensure web functionality. - Details,normal
Notice: Allow all 500+ ad partners to track your activity across websites for personalized ads (Cookie Consent Trick).,privacy_manipulation
Deal of the day expires soon!,urgency
Over 3 people are viewing this offer currently!,scarcity
Allow all 500+ ad partners to track your activity across websites for personalized ads (Cookie Consent Trick),privacy_manipulation
Discount code valid for the next 02 minutes only!,urgency
"No thanks, No thanks, I don't want free unlimited access",confirmshaming
Alert: Deceptive consent renewal: Popup demands cookie permission repeatedly until user clicks Accept All!,privacy_manipulation
Selling fast! Only 15 left in stock!,scarcity
Notice: Account creation and promotional consent required to view price [Required].,forced_action
View Product Details,normal
Notice: Pre-checked: Sign me up for VIP rewards club membership ($19.99/month).,preselection
Buy Now - Details,normal
"Alert: Deceptive choice: Click 'Cancel' to proceed with order, or 'OK' to abort (Deceptive Button)!",misdirection
"Deceptive account privacy: Default settings set user profile, photos, and location to Public -> Privacy Violation",privacy_manipulation
Previous page - Available now,normal
Only 2 items left in stock!,scarcity
Update: Deceptive button: 'Download Now' installs third-party adware instead of software - Click here,misdirection
UI Element: Manipulative privacy choice: 'Allow tracking to keep service free' vs 'Pay $10/mo to opt-out of tracking' (Cookie Consent Trick) [Details],privacy_manipulation
Notice: Checked by default: Add optional magazine subscription ($9.99/mo) to cart [Default On].,preselection
"Notice: Select: No thanks, I hate saving money.",confirmshaming
🔥 High demand! Only 15 units available!,scarcity
Alert: Confusing double negative: Check box to refrain from not receiving marketing emails -> Misdirection!,misdirection
Compulsory registration: enter phone number and permit marketing calls to proceed [Required],forced_action
"Notice: No thanks, I don't want a 20% discount on my purchase (I'll pass).",confirmshaming
Update: Visually prominent 'ACCEPT ALL SPONSORS' vs hidden invisible 'Reject all' button (Deceptive Button) - Click here,misdirection
🔥 Stock is extremely low - only 9 items remaining!,scarcity
Notice: Checked by default: Keep me logged in and allow persistent tracking cookies [Default On].,preselection
Selling fast! Only 4 left in stock!,scarcity
"Alert: Select: No, I prefer wasting time and paying full price!",confirmshaming
Hurry! Only 15 left - order soon!,scarcity
Important: Deceptive button: 'Download Now' installs third-party adware instead of software -> Misdirection (Now),misdirection
Update: Visually prominent 'ACCEPT ALL SPONSORS' vs hidden invisible 'Reject all' button [Misleading UI] - Click here,misdirection
Customer Reviews (4.5/5) [Verified],normal
Update: Pre-checked privacy consent: Automatically agree to share personal data with third-party brokers - Data Exploitation - Click here,privacy_manipulation
Alert: ⚠️ Account creation and promotional consent required to view price -> Must agree to continue!,forced_action
🔥 Popular item! Only 4 left in our inventory!,scarcity
⚠️ Mandatory software installation required to proceed to website -> Must agree to continue,forced_action
Manipulative privacy choice: 'Allow tracking to keep service free' vs 'Pay $10/mo to opt-out of tracking' (Cookie Consent Trick),privacy_manipulation
Over 48 people are viewing this offer currently!,scarcity
⚠️ You must create an account and subscribe to promotional emails to complete checkout,forced_action
🔥 In high demand! 15 purchased in the last hour!,scarcity
⚠️ Mandatory survey completion required before downloading your file [Required],forced_action
🔥 9 people have this product in their cart right now!,scarcity
⚡ Flash Sale! Prices revert to full price in 05 minutes!,urgency
Notice: ⚠️ Mandatory survey completion required before downloading your file [Required].,forced_action
"Alert: Deceptive account privacy: Default settings set user profile, photos, and location to Public (Cookie Consent Trick)!",privacy_manipulation
"Important: Deceptive choice: Click 'Cancel' to proceed with order, or 'OK' to abort (Now)",misdirection
Open pricing table,normal
Update: Pre-selected default: Add optional carbon offset donation ($2.50) to order (Checked) - Click here,preselection
⚡ Countdown timer: 05 mins 00 secs remaining!,urgency
HURRY! OFFER EXPIRES IN 45:15 MINUTES!,urgency
UI Element: Primary highlighted button: 'ADD EVERYTHING TO CART' | Hidden text: 'No thanks' - Visual Trickery [Details],misdirection
"Alert: No thanks, No thanks, I don't care about saving money!",confirmshaming
Alert: Confusing double negative: Check box to refrain from not receiving marketing emails!,misdirection
Notice: Deceptive consent renewal: Popup demands cookie permission repeatedly until user clicks Accept All [Privacy Dark Pattern].,privacy_manipulation
DISCOUNT CODE VALID FOR THE NEXT 15 MINUTES ONLY!,urgency
"Alert: No thanks, I hate saving money!",confirmshaming
"No, I don't care about getting the best value - I'll pay full price",confirmshaming
"Select: No thanks, I prefer paying extra fees",confirmshaming
⚠️ Over 23 people are viewing this offer currently!,scarcity
Important: Deceptive consent renewal: Popup demands cookie permission repeatedly until user clicks Accept All (Now),privacy_manipulation
Important: Allow all 500+ ad partners to track your activity across websites for personalized ads - Data Exploitation (Now),privacy_manipulation
View Cart,normal
Alert: Default checked option: Subscribe to newsletter and agree to partner data access (Checked)!,preselection
UI Element: Visual hierarchy trick: Huge 'UPGRADE NOW' button next to faded unclickable 'No thanks' (Deceptive Button) [Details],misdirection
Notice: Manipulative privacy choice: 'Allow tracking to keep service free' vs 'Pay $10/mo to opt-out of tracking' -> Privacy Violation.,privacy_manipulation
"Alert: No thanks, I don't want free unlimited access - I'll pay full price!",confirmshaming
"UI Element: Deceptive choice: Click 'Cancel' to proceed with order, or 'OK' to abort [Misleading UI] [Details]",misdirection
"Notice: Privacy manipulation: 'Accept All Cookies' button highlighted, 'Reject All' button disabled/hidden (Cookie Consent Trick).",privacy_manipulation
"Alert: No, keep my order expensive - I'll pay full price!",confirmshaming
Select Color: Black | Customer Care,normal
Important: Forced tracking consent: You must accept cross-site tracking cookies to view this page (Cookie Consent Trick) (Now),privacy_manipulation
⚠️ Over 7 people are viewing this offer currently!,scarcity
⚠️ Limited stock available! Only 48 items left for immediate dispatch!,scarcity
Deceptive consent: Click 'I Agree' to sell your personal location and demographic data,privacy_manipulation
UI Element: Misleading layout: 'X' button on popup actually opens promotional offer page (Deceptive Button) [Details],misdirection
Alert: ⚠️ Compulsory registration: enter phone number and permit marketing calls to proceed (Mandatory)!,forced_action
Mandatory newsletter registration required to proceed to download (Mandatory),forced_action
Hurry! Only 7 left - order soon!,scarcity
"Important: Privacy confirmshaming: 'No, I don't care about my online privacy and safety' -> Privacy Violation (Now)",privacy_manipulation
Alert: Required step: consent to third-party marketing to enable button!,forced_action
🔥 Hurry! Only 12 left - order soon!,scarcity
Allow all 500+ ad partners to track your activity across websites for personalized ads -> Privacy Violation,privacy_manipulation
"Notice: Click here: No thanks, I don't want free unlimited access.",confirmshaming
Only 7 left at this discounted rate!,scarcity
Alert: Confusing privacy toggle: 'Disable Non-Essential Data Selling' (Default: OFF) -> Privacy Violation!,privacy_manipulation
You are required to share your location and contact list to access this feature - Action Required,forced_action
View Product Details | Customer Care,normal
Countdown timer: 05 mins 15 secs remaining!,urgency
"Notice: No, keep my order expensive (I'll pass).",confirmshaming
⚡ Countdown timer: 15 mins 00 secs remaining!,urgency
Open documentation,normal
⚠️ Mandatory newsletter registration required to proceed to download [Required],forced_action
Alert: Account creation and promotional consent required to view price -> Must agree to continue!,forced_action
No items matched your search query (Standard Rate),normal
"Alert: No, I don't care about getting the best value (I'll pass)!",confirmshaming
Alert: Deceptive button: 'Download Now' installs third-party adware instead of software - Visual Trickery!,misdirection
⚠️ Popular item! Only 9 left in our inventory!,scarcity
Notice: Pre-selected: Upgrade my ticket to non-refundable premium tier automatically [Default On].,preselection
Notice: ⚠️ Required action: Join our rewards program to complete your order.,forced_action
Important: Checked by default: Add optional magazine subscription ($9.99/mo) to cart (Checked) (Now),preselection
Terms of Service,normal
Notice: ⚠️ You are required to share your location and contact list to access this feature [Required].,forced_action
HURRY! OFFER EXPIRES IN 45:59 MINUTES!,urgency
"Notice: Click here: Nah, I don't care about my security and privacy.",confirmshaming
"Notice: Nah, I'll pass on saving $50 today (I'll pass).",confirmshaming
Alert: Misleading cookie banner: 'By remaining on this site you consent to full data collection & ad profiling' (Cookie Consent Trick)!,privacy_manipulation
⚠️ In high demand! 1 purchased in the last hour!,scarcity
Download User Manual - Official Store,normal
"Alert: No, I prefer being uninformed and losing out on deals!",confirmshaming
Important: We value your privacy: Accept All Cookies & Data Selling (One-click) vs 15-step manual opt-out [Privacy Dark Pattern] (Now),privacy_manipulation
Alert: Misleading layout: 'X' button on popup actually opens promotional offer page!,misdirection
Pre-selected: Upgrade my ticket to non-refundable premium tier automatically [Default On],preselection
⚠️ Selling fast! Only 48 left in stock!,scarcity
⚡ Hurry! Offer expires in 45:00 minutes!,urgency
🔥 High demand! Only 9 units available!,scarcity
Update: Misleading button label: 'Continue Free Trial' secretly charges $49.99 after 3 days [Misleading UI] - Click here,misdirection
"Notice: Click here: No, I enjoy paying more money.",confirmshaming
"Privacy manipulation: 'Accept All Cookies' button highlighted, 'Reject All' button disabled/hidden - Data Exploitation",privacy_manipulation
Important: Default checked: Share my browsing profile with advertising network partners [Default On] (Now),preselection
Only 12 items left before backorder!,scarcity
"Select: No, I don't want VIP perks and special benefits",confirmshaming
UI Element: Pre-checked: I agree to receive marketing communications from 50+ third-party sponsors [Details],preselection
Alert: Compulsory registration: enter phone number and permit marketing calls to proceed!,forced_action
"Update: No, I prefer being uninformed and losing out on deals - I'll pay full price - Click here",confirmshaming
Urgent! Claim your free gift within 15 minutes!,urgency
Notice: You must allow push notifications to continue using this website - Action Required.,forced_action
Update: Trick phrasing: Check if you do not want us to refrain from sharing your data - Visual Trickery - Click here,misdirection
UI Element: Visually prominent 'ACCEPT ALL SPONSORS' vs hidden invisible 'Reject all' button [Details],misdirection
Update: Deceptive privacy setting: 'Enhance your experience' secretly enables microphone & location telemetry - Click here,privacy_manipulation
Prominent 'AGREE & PAY' button vs disguised 'Manage preferences' hyperlink [Misleading UI],misdirection
Notice: Hard-to-find opt-out: 'Do Not Sell My Personal Information' link hidden in footer 8pt font -> Privacy Violation.,privacy_manipulation
⚠️ Over 15 people are viewing this offer currently!,scarcity
Update: Hard-to-find opt-out: 'Do Not Sell My Personal Information' link hidden in footer 8pt font [Privacy Dark Pattern] - Click here,privacy_manipulation
🔥 Low inventory warning: only 4 units remain!,scarcity
Alert: Primary highlighted button: 'ADD EVERYTHING TO CART' | Hidden text: 'No thanks' - Visual Trickery!,misdirection
UI Element: Selected: Automatically renew my subscription every month at full price [Default On] [Details],preselection
Log In,normal
SALE ENDS IN 02 MINUTES!,urgency
Notice: Compulsory registration: enter phone number and permit marketing calls to proceed (Mandatory).,forced_action
Alert: Pre-checked checkbox: Opt-in to marketing telemetry and behavior profiling - Auto-enrolled!,preselection
Countdown timer: 10 mins 45 secs remaining!,urgency
"Notice: Option: Nah, I don't want to improve my skills and stay behind.",confirmshaming
Last chance! Offer ends in 45:59!,urgency
Alert: Must agree to mandatory data sharing to access free content - Action Required!,forced_action
Required action: Join our rewards program to complete your order [Required],forced_action
Misleading opt-out: 'Keep my discount' actually subscribes you to paid membership [Misleading UI],misdirection
⚠️ Compulsory registration: enter phone number and permit marketing calls to proceed -> Must agree to continue,forced_action
⚠️ Required: Subscribe to our partner offers to unlock your free trial [Required],forced_action
"Alert: Nah, I'll pass on saving $50 today (I'll pass)!",confirmshaming
Stock is extremely low - only 4 items remaining!,scarcity
Notice: ⚠️ Compulsory registration: enter phone number and permit marketing calls to proceed -> Must agree to continue.,forced_action
⚠️ Only 9 items left in stock!,scarcity
Alert: Selected: Automatically renew my subscription every month at full price!,preselection
⚡ Hurry! Only 02 minutes left to claim 50% off!,urgency
About Us - Official Store,normal
Mandatory survey completion required before downloading your file,forced_action
Browse terms of use,normal
Update: Accept All & Continue (Recommended) vs [Tiny link: Decline & customize] [Misleading UI] - Click here,misdirection
UI Element: Pre-selected default: Add optional carbon offset donation ($2.50) to order (Pre-selected) [Details],preselection
"Notice: No, keep my order expensive.",confirmshaming
Alert: ⚠️ You must allow push notifications to continue using this website (Mandatory)!,forced_action
Browse release notes,normal
Alert: ⚠️ Mandatory survey completion required before downloading your file!,forced_action
🔥 Hurry! Only 23 left - order soon!,scarcity
Last chance! Offer ends in 10:15!,urgency
Alert: Deceptive privacy setting: 'Enhance your experience' secretly enables microphone & location telemetry [Privacy Dark Pattern]!,privacy_manipulation
Alert: Pre-selected: Enroll me in auto-bill pay and recurring monthly membership!,preselection
Notice: Misleading layout: 'X' button on popup actually opens promotional offer page [Misleading UI].,misdirection
Alert: Confusing double negative: Check box to refrain from not receiving marketing emails - Visual Trickery!,misdirection
You are required to share your location and contact list to access this feature -> Must agree to continue,forced_action
Pre-checked privacy consent: Automatically agree to share personal data with third-party brokers,privacy_manipulation
⚠️ Limited stock available! Only 23 items left for immediate dispatch!,scarcity
Deceptive consent: Click 'I Agree' to sell your personal location and demographic data - Data Exploitation,privacy_manipulation
Alert: ⚠️ Mandatory software installation required to proceed to website [Required]!,forced_action
Important: Deceptive privacy setting: 'Enhance your experience' secretly enables microphone & location telemetry -> Privacy Violation (Now),privacy_manipulation
Important: Manipulative privacy choice: 'Allow tracking to keep service free' vs 'Pay $10/mo to opt-out of tracking' -> Privacy Violation (Now),privacy_manipulation
"Welcome back, User",normal
"Alert: Option: No thanks, I'd rather miss out on amazing savings!",confirmshaming
Notice: ⚠️ Mandatory software installation required to proceed to website (Mandatory).,forced_action
UI Element: Misleading cookie banner: 'By remaining on this site you consent to full data collection & ad profiling' -> Privacy Violation [Details],privacy_manipulation
Notice: Required: Subscribe to our partner offers to unlock your free trial.,forced_action
DISCOUNT CODE VALID FOR THE NEXT 30 MINUTES ONLY!,urgency
"Color Options: Blue, Red, Silver | Customer Care",normal
"Alert: Click here: Nah, I'll pass on saving $50 today!",confirmshaming
⚠️ You are required to share your location and contact list to access this feature - Action Required,forced_action
Alert: Visual hierarchy trick: Huge 'UPGRADE NOW' button next to faded unclickable 'No thanks' -> Misdirection!,misdirection
Category: Electronics - Click here,normal
Notice: Must agree to mandatory data sharing to access free content - Action Required.,forced_action
"Notice: Select: No, I prefer being uninformed and losing out on deals.",confirmshaming
FAQ (Optional),normal
🔥 Stock is extremely low - only 5 items remaining!,scarcity
Notice: Visual hierarchy trick: Huge 'UPGRADE NOW' button next to faded unclickable 'No thanks'.,misdirection
Important: Deceptive consent: Click 'I Agree' to sell your personal location and demographic data -> Privacy Violation (Now),privacy_manipulation
Shipping Address,normal
Alert: Accept All & Continue (Recommended) vs [Tiny link: Decline & customize]!,misdirection
Open privacy statement,normal
Alert: ⚠️ You must create an account and subscribe to promotional emails to complete checkout - Action Required!,forced_action
"Notice: No thanks, I'd rather miss out on amazing savings.",confirmshaming
Important: Pre-checked: Sign me up for VIP rewards club membership ($19.99/month) (Checked) (Now),preselection
Notice: Required step: consent to third-party marketing to enable button - Action Required.,forced_action
Alert: Deceptive consent: Click 'I Agree' to sell your personal location and demographic data (Cookie Consent Trick)!,privacy_manipulation
7 people have this product in their cart right now!,scarcity
⚡ Countdown timer: 45 mins 00 secs remaining!,urgency
Sort by price: low to high - Learn More,normal
⚠️ High demand! Only 5 units available!,scarcity
Popular item! Only 15 left in our inventory!,scarcity
Update: Accept All & Continue (Recommended) vs [Tiny link: Decline & customize] - Click here,misdirection
"No thanks, Nah, I don't care about my security and privacy",confirmshaming
⚠️ Required action: Join our rewards program to complete your order - Action Required,forced_action
Print specifications,normal
"Important: Privacy confirmshaming: 'No, I don't care about my online privacy and safety' [Privacy Dark Pattern] (Now)",privacy_manipulation
Notice: Misleading layout: 'X' button on popup actually opens promotional offer page -> Misdirection.,misdirection
Notice: Pre-checked: Automatically sign me up for weekly marketing emails and partner offers.,preselection
Hurry! Offer expires in 02:45 minutes!,urgency
Notice: Misleading layout: 'X' button on popup actually opens promotional offer page (Deceptive Button).,misdirection
Update: Visual hierarchy trick: Huge 'UPGRADE NOW' button next to faded unclickable 'No thanks' - Visual Trickery - Click here,misdirection
"Notice: To continue, you must agree to receive daily promotional SMS messages (Mandatory).",forced_action
Important: Misleading layout: 'X' button on popup actually opens promotional offer page -> Misdirection (Now),misdirection
⚡ Sale ends in 02 minutes!,urgency
Notice: Primary highlighted button: 'ADD EVERYTHING TO CART' | Hidden text: 'No thanks' - Visual Trickery.,misdirection
Alert: Pre-checked privacy consent: Automatically agree to share personal data with third-party brokers!,privacy_manipulation
🔥 Hurry! Only 48 left - order soon!,scarcity
Featured Items (Optional),normal
Notice: Pre-selected: Automatically add extended warranty package ($14.99) to checkout (Checked).,preselection
Pre-checked: Sign me up for VIP rewards club membership ($19.99/month) - Auto-enrolled,preselection
Alert: Obstacle-ridden privacy controls: Rejecting cookies requires toggling 200 individual vendor switches -> Privacy Violation!,privacy_manipulation
Subtotal: $49.99 [Verified],normal
Misleading button label: 'Continue Free Trial' secretly charges $49.99 after 3 days -> Misdirection,misdirection
🔥 Stock is extremely low - only 4 items remaining!,scarcity
UI Element: Hard-to-find opt-out: 'Do Not Sell My Personal Information' link hidden in footer 8pt font [Privacy Dark Pattern] [Details],privacy_manipulation
Big Green Button: ACCEPT ALL EXTRA CHARGES | Small grey text: Skip optional add-on,misdirection
"Alert: Nah, I prefer paying full price for items!",confirmshaming
Alert: Misleading cookie banner: 'By remaining on this site you consent to full data collection & ad profiling' - Data Exploitation!,privacy_manipulation
Notice: Checked by default: Add $4.99 premium shipping protection insurance to my order.,preselection
Account Settings | Customer Care,normal
"Alert: No, I prefer wasting time and paying full price - I'll pay full price!",confirmshaming
Notice: ⚠️ Mandatory software installation required to proceed to website - Action Required.,forced_action
Alert: ⚠️ Required action: Join our rewards program to complete your order [Required]!,forced_action
Notice: ⚠️ Required step: consent to third-party marketing to enable button [Required].,forced_action
"UI Element: Ambiguous action: 'Yes, don't show this again' enables background data collection [Misleading UI] [Details]",misdirection
UI Element: Deceptive consent: Click 'I Agree' to sell your personal location and demographic data (Cookie Consent Trick) [Details],privacy_manipulation
🔥 Low inventory warning: only 15 units remain!,scarcity
You must create an account and subscribe to promotional emails to complete checkout [Required],forced_action
HURRY! OFFER EXPIRES IN 30:45 MINUTES!,urgency
"Alert: Nah, I'll pass on saving $50 today!",confirmshaming
Only 9 left at this discounted rate!,scarcity
Update: Confusing wording: Uncheck this box if you DO NOT wish to NOT receive promotional offers - Click here,misdirection
Pre-checked privacy consent: Automatically agree to share personal data with third-party brokers (Cookie Consent Trick),privacy_manipulation
Alert: Confusing privacy toggle: 'Disable Non-Essential Data Selling' (Default: OFF) [Privacy Dark Pattern]!,privacy_manipulation
HURRY! OFFER EXPIRES IN 05:45 MINUTES!,urgency
Select Color: Black [Verified],normal
Important: Allow all 500+ ad partners to track your activity across websites for personalized ads (Now),privacy_manipulation
Time is running out! Lock in your low rate now!,urgency
🔥 15 people have this product in their cart right now!,scarcity
Update: Hard-to-find opt-out: 'Do Not Sell My Personal Information' link hidden in footer 8pt font -> Privacy Violation - Click here,privacy_manipulation
UI Element: Confusing privacy toggle: 'Disable Non-Essential Data Selling' (Default: OFF) - Data Exploitation [Details],privacy_manipulation
Alert: ⚠️ You are required to share your location and contact list to access this feature!,forced_action
Sort by relevance - Official Store,normal
Alert: Confusing wording: Uncheck this box if you DO NOT wish to NOT receive promotional offers -> Misdirection!,misdirection
Sale ends in 45 minutes!,urgency
Notice: Pre-checked: Automatically sign me up for weekly marketing emails and partner offers (Pre-selected).,preselection
Update: Pre-checked: Sign me up for VIP rewards club membership ($19.99/month) [Default On] - Click here,preselection
Important: Checked by default: Add $4.99 premium shipping protection insurance to my order [Default On] (Now),preselection
🔥 Only 9 left at this discounted rate!,scarcity
About Us (Standard Rate),normal
Mandatory software installation required to proceed to website,forced_action
15 people have this product in their cart right now!,scarcity
🔥 Selling fast! Only 1 left in stock!,scarcity
Notice: URGENT! CLAIM YOUR FREE GIFT WITHIN 15 MINUTES!.,urgency
Sort by price: low to high - Click here,normal
Selling fast! Only 48 left in stock!,scarcity
"⚠️ To read this article, you must subscribe to our daily email newsletter -> Must agree to continue",forced_action
Notice: Pre-selected: Upgrade my ticket to non-refundable premium tier automatically.,preselection
Important: Pre-selected: Automatically add extended warranty package ($14.99) to checkout (Pre-selected) (Now),preselection
"Notice: Select: No, I enjoy paying more money.",confirmshaming
Follow us on Twitter - Details,normal
LAST CHANCE! OFFER ENDS IN 02:59!,urgency
Search products... - Learn More,normal
Alert: ⚠️ Mandatory newsletter registration required to proceed to download -> Must agree to continue!,forced_action
SALE ENDS IN 30 MINUTES!,urgency
⚠️ Only 12 items left in stock!,scarcity
Countdown timer: 02 mins 59 secs remaining!,urgency
Terms of Service - Available now,normal
UI Element: Deceptive button: 'Download Now' installs third-party adware instead of software [Misleading UI] [Details],misdirection
Important: Hard-to-find opt-out: 'Do Not Sell My Personal Information' link hidden in footer 8pt font [Privacy Dark Pattern] (Now),privacy_manipulation
Update: Pre-checked: I agree to receive marketing communications from 50+ third-party sponsors (Pre-selected) - Click here,preselection
HURRY! ONLY 02 MINUTES LEFT TO CLAIM 50% OFF!,urgency
Next page (Optional),normal
Alert: Pre-selected default: Add optional carbon offset donation ($2.50) to order (Pre-selected)!,preselection
Sort by relevance,normal
Update: Pre-checked: I agree to receive marketing communications from 50+ third-party sponsors - Click here,preselection
Pre-selected: Automatically add extended warranty package ($14.99) to checkout (Checked),preselection
"Important: Ambiguous action: 'Yes, don't show this again' enables background data collection (Deceptive Button) (Now)",misdirection
"Alert: Select: Nah, I don't want to improve my skills and stay behind!",confirmshaming
Alert: Forced tracking consent: You must accept cross-site tracking cookies to view this page [Privacy Dark Pattern]!,privacy_manipulation
⚠️ Low inventory warning: only 2 units remain!,scarcity
"Alert: Select: No, I enjoy paying more money!",confirmshaming
"Update: No thanks, Nah, I don't care about my security and privacy - Click here",confirmshaming
Notice: Visual hierarchy trick: Huge 'UPGRADE NOW' button next to faded unclickable 'No thanks' (Deceptive Button).,misdirection
Notice: You must allow push notifications to continue using this website [Required].,forced_action
Notice: LAST CHANCE! OFFER ENDS IN 15:15!.,urgency
UI Element: Pre-checked privacy consent: Automatically agree to share personal data with third-party brokers [Details],privacy_manipulation
"Notice: Ambiguous action: 'Yes, don't show this again' enables background data collection (Deceptive Button).",misdirection
Important: Primary highlighted button: 'ADD EVERYTHING TO CART' | Hidden text: 'No thanks' -> Misdirection (Now),misdirection
"Alert: Option: No, I prefer being uninformed and losing out on deals!",confirmshaming
Alert: You are required to share your location and contact list to access this feature -> Must agree to continue!,forced_action
Account Settings (Standard Rate),normal
Important: Prominent 'AGREE & PAY' button vs disguised 'Manage preferences' hyperlink (Deceptive Button) (Now),misdirection
Default Address - Click here,normal
Important: Deceptive button: 'Download Now' installs third-party adware instead of software - Visual Trickery (Now),misdirection
Pre-checked checkbox: Opt-in to marketing telemetry and behavior profiling - Auto-enrolled,preselection
URGENT! CLAIM YOUR FREE GIFT WITHIN 02 MINUTES!,urgency
Last chance! Offer ends in 10:00!,urgency
Featured Items | Customer Care,normal
Update: Checked by default: Keep me logged in and allow persistent tracking cookies [Default On] - Click here,preselection
Selected: Automatically renew my subscription every month at full price [Default On],preselection
Buy Now,normal
"Notice: ⚠️ To continue, you must agree to receive daily promotional SMS messages (Mandatory).",forced_action
"Notice: Select: Nah, I don't care about my security and privacy.",confirmshaming
No items matched your search query,normal
Sign out [Verified],normal
⚠️ Mandatory survey completion required before downloading your file,forced_action
⚠️ Only 23 items left in stock!,scarcity
Sign Up (Optional),normal
LAST CHANCE! OFFER ENDS IN 10:15!,urgency
Hurry up! Just 48 spots available at this price!,scarcity
"Alert: Click here: No, I don't want free shipping and exclusive discounts!",confirmshaming
⚠️ Mandatory newsletter registration required to proceed to download -> Must agree to continue,forced_action
⚠️ You must create an account and subscribe to promotional emails to complete checkout (Mandatory),forced_action
🔥 Hurry! Only 9 left - order soon!,scarcity
Pre-selected: Upgrade my ticket to non-refundable premium tier automatically (Checked),preselection
Redeem points | Customer Care,normal
Battery Life: up to 12 hours - Learn More,normal
UI Element: Checked by default: Keep me logged in and allow persistent tracking cookies (Checked) [Details],preselection
Important: Pre-checked: Sign me up for VIP rewards club membership ($19.99/month) (Now),preselection
Alert: Obstacle-ridden privacy controls: Rejecting cookies requires toggling 200 individual vendor switches - Data Exploitation!,privacy_manipulation
🔥 Hurry up! Just 3 spots available at this price!,scarcity
UI Element: Prominent 'AGREE & PAY' button vs disguised 'Manage preferences' hyperlink [Details],misdirection
Showing 1-20 of 100 items - Learn More,normal
Check store hours,normal
⚠️ Limited stock available! Only 12 items left for immediate dispatch!,scarcity
⚡ Hurry! Offer expires in 45:30 minutes!,urgency
Notice: Misleading opt-out: 'Keep my discount' actually subscribes you to paid membership.,misdirection
Customer Reviews (4.5/5) (Standard Rate),normal
🔥 Stock is extremely low - only 1 items remaining!,scarcity
Important: Misleading opt-out: 'Keep my discount' actually subscribes you to paid membership (Deceptive Button) (Now),misdirection
"No thanks, I don't care about saving money - I'll pay full price",confirmshaming
Notice: ⚡ Hurry! Offer expires in 02:30 minutes!.,urgency
🔥 Over 2 people are viewing this offer currently!,scarcity
HURRY! OFFER EXPIRES IN 15:30 MINUTES!,urgency
Select Color: Black (Standard Rate),normal
Hurry! Only 12 left - order soon!,scarcity
Notice: Default checked: Share my browsing profile with advertising network partners (Checked).,preselection
Notice: Mandatory newsletter registration required to proceed to download (Mandatory).,forced_action
Notice: Pre-selected: Automatically add extended warranty package ($14.99) to checkout - Auto-enrolled.,preselection
Only 23 items left in stock!,scarcity
You are required to share your location and contact list to access this feature,forced_action
Hurry! Offer expires in 30:59 minutes!,urgency
Notice: Misleading cookie banner: 'By remaining on this site you consent to full data collection & ad profiling' [Privacy Dark Pattern].,privacy_manipulation
Hurry! Offer expires in 15:15 minutes!,urgency
Alert: ⚠️ Required: Subscribe to our partner offers to unlock your free trial -> Must agree to continue!,forced_action
Sort by price: low to high | Customer Care,normal
Important: Forced tracking consent: You must accept cross-site tracking cookies to view this page -> Privacy Violation (Now),privacy_manipulation
⚡ Discount code valid for the next 45 minutes only!,urgency
Home - Official Store,normal
Notice: ⚡ Hurry! Offer expires in 10:15 minutes!.,urgency
"Update: Privacy confirmshaming: 'No, I don't care about my online privacy and safety' [Privacy Dark Pattern] - Click here",privacy_manipulation
🔥 Almost sold out! Only 48 remaining in warehouse!,scarcity
⚠️ 12 people have this product in their cart right now!,scarcity
Update: Allow all 500+ ad partners to track your activity across websites for personalized ads - Data Exploitation - Click here,privacy_manipulation
"Click here: Nah, I don't care about my security and privacy",confirmshaming
🔥 Selling fast! Only 5 left in stock!,scarcity
"Notice: Deceptive account privacy: Default settings set user profile, photos, and location to Public - Data Exploitation.",privacy_manipulation
"Alert: Click here: No thanks, I prefer paying extra fees!",confirmshaming
UI Element: Obstacle-ridden privacy controls: Rejecting cookies requires toggling 200 individual vendor switches -> Privacy Violation [Details],privacy_manipulation
Alert: ⚠️ You must download our toolbar application to view this content - Action Required!,forced_action
Alert: ⚠️ Mandatory newsletter registration required to proceed to download!,forced_action
"Update: Ambiguous action: 'Yes, don't show this again' enables background data collection - Click here",misdirection
"Click here: No, keep my order expensive",confirmshaming
Notice: Selected: Automatically renew my subscription every month at full price (Checked).,preselection
Over 4 people are viewing this offer currently!,scarcity
Low inventory warning: only 1 units remain!,scarcity
Notice: Primary highlighted button: 'ADD EVERYTHING TO CART' | Hidden text: 'No thanks' (Deceptive Button).,misdirection
Last chance! Offer ends in 15:45!,urgency
🔥 High demand! Only 3 units available!,scarcity
View Product Details (Optional),normal
Featured Items,normal
"Update: No thanks, I don't care about saving money - Click here",confirmshaming
"Notice: To read this article, you must subscribe to our daily email newsletter [Required].",forced_action
Important: Default checked: Share my browsing profile with advertising network partners - Auto-enrolled (Now),preselection
⚠️ Account creation and promotional consent required to view price [Required],forced_action
⚠️ Over 4 people are viewing this offer currently!,scarcity
"Alert: ⚠️ To continue, you must agree to receive daily promotional SMS messages [Required]!",forced_action
UI Element: Primary highlighted button: 'ADD EVERYTHING TO CART' | Hidden text: 'No thanks' (Deceptive Button) [Details],misdirection
UI Element: Deceptive consent renewal: Popup demands cookie permission repeatedly until user clicks Accept All [Details],privacy_manipulation
🔥 Stock is extremely low - only 23 items remaining!,scarcity
"Alert: Deceptive account privacy: Default settings set user profile, photos, and location to Public [Privacy Dark Pattern]!",privacy_manipulation
⚡ Countdown timer: 10 mins 30 secs remaining!,urgency
"Notice: ⚠️ To continue, you must agree to receive daily promotional SMS messages -> Must agree to continue.",forced_action
Cookie Notice: We use essential cookies to ensure web functionality. - Official Store,normal
Notice: Misleading cookie banner: 'By remaining on this site you consent to full data collection & ad profiling'.,privacy_manipulation
⚠️ High demand! Only 48 units available!,scarcity
Notice: Selected: Automatically renew my subscription every month at full price (Pre-selected).,preselection
🔥 Only 12 left at this discounted rate!,scarcity
Only 2 left at this discounted rate!,scarcity
Only 48 items left before backorder!,scarcity
"Nah, I'll pass on saving $50 today - I'll pay full price",confirmshaming
⚡ Countdown timer: 02 mins 00 secs remaining!,urgency
Mandatory survey completion required before downloading your file (Mandatory),forced_action
Notice: Visual hierarchy trick: Huge 'UPGRADE NOW' button next to faded unclickable 'No thanks' - Visual Trickery.,misdirection
🔥 High demand! Only 7 units available!,scarcity
Alert: Misleading button label: 'Continue Free Trial' secretly charges $49.99 after 3 days - Visual Trickery!,misdirection
Cookie Notice: We use essential cookies to ensure web functionality. - Learn More,normal
⚠️ Hurry up! Just 23 spots available at this price!,scarcity
Notice: Deceptive button: 'Download Now' installs third-party adware instead of software -> Misdirection.,misdirection
UI Element: Pre-checked checkbox: Opt-in to marketing telemetry and behavior profiling [Default On] [Details],preselection
Alert: Pre-selected: Upgrade my ticket to non-refundable premium tier automatically (Pre-selected)!,preselection
Pre-selected: Automatically add extended warranty package ($14.99) to checkout (Pre-selected),preselection
"Alert: Ambiguous action: 'Yes, don't show this again' enables background data collection - Visual Trickery!",misdirection
Hurry! Only 5 left - order soon!,scarcity
"Update: No thanks, I'd rather miss out on amazing savings - I'll pay full price - Click here",confirmshaming
🔥 7 people have this product in their cart right now!,scarcity
Share via Email (Standard Rate),normal
Only 23 left at this discounted rate!,scarcity
⚠️ 7 people have this product in their cart right now!,scarcity
Limited stock available! Only 4 items left for immediate dispatch!,scarcity
Notice: Pre-selected: Upgrade my ticket to non-refundable premium tier automatically (Checked).,preselection
"Alert: No, I don't want to protect my account with security updates (I'll pass)!",confirmshaming
Visual hierarchy trick: Huge 'UPGRADE NOW' button next to faded unclickable 'No thanks' (Deceptive Button),misdirection
⚠️ You must download our toolbar application to view this content,forced_action
Notice: Prominent 'AGREE & PAY' button vs disguised 'Manage preferences' hyperlink (Deceptive Button).,misdirection
Alert: Checked by default: Add optional magazine subscription ($9.99/mo) to cart (Checked)!,preselection
⚠️ Selling fast! Only 23 left in stock!,scarcity
Important: Checked by default: Add optional magazine subscription ($9.99/mo) to cart (Now),preselection
Notice: Mandatory newsletter registration required to proceed to download -> Must agree to continue.,forced_action
Hurry! Offer expires in 05:59 minutes!,urgency
"Alert: Click here: No, I don't care about getting the best value!",confirmshaming
Update: Deceptive consent: Click 'I Agree' to sell your personal location and demographic data -> Privacy Violation - Click here,privacy_manipulation
You must create an account and subscribe to promotional emails to complete checkout (Mandatory),forced_action
Important: Allow all 500+ ad partners to track your activity across websites for personalized ads -> Privacy Violation (Now),privacy_manipulation
"No, I don't want to save money and prefer paying full price",confirmshaming
"Alert: No thanks, No, I enjoy paying more money!",confirmshaming
Free Shipping on orders over $50 - Click here,normal
Notice: ⚠️ You must allow push notifications to continue using this website [Required].,forced_action
Alert: Primary highlighted button: 'ADD EVERYTHING TO CART' | Hidden text: 'No thanks'!,misdirection
Battery Life: up to 12 hours,normal
⚠️ Low inventory warning: only 15 units remain!,scarcity
Important: Pre-selected: Enroll me in auto-bill pay and recurring monthly membership (Checked) (Now),preselection
"Alert: Privacy manipulation: 'Accept All Cookies' button highlighted, 'Reject All' button disabled/hidden [Privacy Dark Pattern]!",privacy_manipulation
My Orders,normal
"No, I prefer wasting time and paying full price (I'll pass)",confirmshaming
UI Element: Pre-selected: Automatically add extended warranty package ($14.99) to checkout (Pre-selected) [Details],preselection
Update: Deceptive privacy setting: 'Enhance your experience' secretly enables microphone & location telemetry [Privacy Dark Pattern] - Click here,privacy_manipulation
Alert: ⚠️ You must create an account and subscribe to promotional emails to complete checkout!,forced_action
"Select: No thanks, I hate saving money",confirmshaming
Page 1 of 5 - Details,normal
Pre-checked: I agree to receive marketing communications from 50+ third-party sponsors,preselection
"Alert: Deceptive account privacy: Default settings set user profile, photos, and location to Public!",privacy_manipulation
Alert: Selected: Automatically renew my subscription every month at full price - Auto-enrolled!,preselection
⚠️ Hurry! Only 9 left - order soon!,scarcity
Share on Facebook (Standard Rate),normal
⚠️ Popular item! Only 2 left in our inventory!,scarcity
Update: Pre-selected: Automatically add extended warranty package ($14.99) to checkout [Default On] - Click here,preselection
Notice: Checked by default: Keep me logged in and allow persistent tracking cookies (Checked).,preselection
Returns & Exchanges (Optional),normal
⚡ Last chance! Offer ends in 45:59!,urgency
"Notice: No thanks, I hate saving money.",confirmshaming
"No thanks, I don't want free unlimited access - I'll pay full price",confirmshaming
Update: Confusing double negative: Check box to refrain from not receiving marketing emails - Click here,misdirection
Notice: Trick phrasing: Check if you do not want us to refrain from sharing your data (Deceptive Button).,misdirection
Hurry up! Just 3 spots available at this price!,scarcity
In Stock (Standard Rate),normal
Pre-checked: I agree to receive marketing communications from 50+ third-party sponsors [Default On],preselection
"UI Element: Privacy manipulation: 'Accept All Cookies' button highlighted, 'Reject All' button disabled/hidden -> Privacy Violation [Details]",privacy_manipulation
🔥 Over 3 people are viewing this offer currently!,scarcity
Last chance! Offer ends in 05:00!,urgency
Update: Deceptive privacy setting: 'Enhance your experience' secretly enables microphone & location telemetry - Data Exploitation - Click here,privacy_manipulation
Alert: Pre-checked: I agree to receive marketing communications from 50+ third-party sponsors (Pre-selected)!,preselection
Alert: Pre-selected default: Add optional carbon offset donation ($2.50) to order - Auto-enrolled!,preselection
⚡ Last chance! Offer ends in 45:15!,urgency
"No, I don't want to protect my account with security updates - I'll pay full price",confirmshaming
🔥 Only 7 items left before backorder!,scarcity
Update: Big Green Button: ACCEPT ALL EXTRA CHARGES | Small grey text: Skip optional add-on -> Misdirection - Click here,misdirection
⚡ Urgent! Claim your free gift within 15 minutes!,urgency
Pre-selected: Enroll me in auto-bill pay and recurring monthly membership - Auto-enrolled,preselection
Need assistance? Chat with us - Click here,normal
UI Element: Checked by default: Keep me logged in and allow persistent tracking cookies (Pre-selected) [Details],preselection
Must agree to mandatory data sharing to access free content,forced_action
⚡ Hurry! Offer expires in 10:00 minutes!,urgency
Pre-checked privacy consent: Automatically agree to share personal data with third-party brokers - Data Exploitation,privacy_manipulation
⚡ Last chance! Offer ends in 10:59!,urgency
Obstacle-ridden privacy controls: Rejecting cookies requires toggling 200 individual vendor switches -> Privacy Violation,privacy_manipulation
Order Summary [Verified],normal
HURRY! OFFER EXPIRES IN 05:00 MINUTES!,urgency
"Alert: Ambiguous action: 'Yes, don't show this again' enables background data collection -> Misdirection!",misdirection
Open store hours,normal
"Color Options: Blue, Red, Silver - Details",normal
Important: Default checked: Share my browsing profile with advertising network partners (Checked) (Now),preselection
Deceptive consent renewal: Popup demands cookie permission repeatedly until user clicks Accept All [Privacy Dark Pattern],privacy_manipulation
Important: Pre-selected box: Opt-in to promotional SMS text messaging and robo-calls - Auto-enrolled (Now),preselection
Notice: COUNTDOWN TIMER: 45 MINS 30 SECS REMAINING!.,urgency
"Option: No thanks, I hate saving money",confirmshaming
Download PDF Invoice | Customer Care,normal
Update: Deceptive consent renewal: Popup demands cookie permission repeatedly until user clicks Accept All - Data Exploitation - Click here,privacy_manipulation
Update: Pre-checked privacy consent: Automatically agree to share personal data with third-party brokers - Click here,privacy_manipulation
⚠️ You must allow push notifications to continue using this website - Action Required,forced_action
"Update: Privacy manipulation: 'Accept All Cookies' button highlighted, 'Reject All' button disabled/hidden (Cookie Consent Trick) - Click here",privacy_manipulation
🔥 In high demand! 3 purchased in the last hour!,scarcity
"Alert: Select: No, I don't want to protect my account with security updates!",confirmshaming
UI Element: We value your privacy: Accept All Cookies & Data Selling (One-click) vs 15-step manual opt-out - Data Exploitation [Details],privacy_manipulation
Notice: Deceptive consent renewal: Popup demands cookie permission repeatedly until user clicks Accept All - Data Exploitation.,privacy_manipulation
4 people have this product in their cart right now!,scarcity
High demand! Only 9 units available!,scarcity
⚠️ You must allow push notifications to continue using this website -> Must agree to continue,forced_action
COUNTDOWN TIMER: 05 MINS 00 SECS REMAINING!,urgency
⚠️ Hurry! Only 5 left - order soon!,scarcity
"Update: Ambiguous action: 'Yes, don't show this again' enables background data collection (Deceptive Button) - Click here",misdirection
⚠️ Hurry! Only 12 left - order soon!,scarcity
Update: Deceptive consent: Click 'I Agree' to sell your personal location and demographic data - Data Exploitation - Click here,privacy_manipulation
⚡ Countdown timer: 10 mins 59 secs remaining!,urgency
⚠️ Mandatory software installation required to proceed to website (Mandatory),forced_action
LAST CHANCE! OFFER ENDS IN 05:45!,urgency
"Alert: No thanks, No, I don't want to protect my account with security updates!",confirmshaming
Important: Default checked option: Subscribe to newsletter and agree to partner data access - Auto-enrolled (Now),preselection
Sign Up - Available now,normal
Print branch list,normal
UI Element: Pre-checked: Automatically sign me up for weekly marketing emails and partner offers (Pre-selected) [Details],preselection
Pre-selected box: Opt-in to promotional SMS text messaging and robo-calls [Default On],preselection
Notice: Pre-selected: Upgrade my ticket to non-refundable premium tier automatically (Pre-selected).,preselection
"Notice: Select: No, I don't want free shipping and exclusive discounts.",confirmshaming
"Welcome back, User - Official Store",normal
Important: Deceptive privacy setting: 'Enhance your experience' secretly enables microphone & location telemetry - Data Exploitation (Now),privacy_manipulation
Update: Default checked option: Subscribe to newsletter and agree to partner data access (Pre-selected) - Click here,preselection
UI Element: Confusing double negative: Check box to refrain from not receiving marketing emails [Misleading UI] [Details],misdirection
⚠️ Required action: Join our rewards program to complete your order -> Must agree to continue,forced_action
Alert: Allow all 500+ ad partners to track your activity across websites for personalized ads [Privacy Dark Pattern]!,privacy_manipulation
"Notice: Nah, I don't want to improve my skills and stay behind - I'll pay full price.",confirmshaming
Visual hierarchy trick: Huge 'UPGRADE NOW' button next to faded unclickable 'No thanks' - Visual Trickery,misdirection
UI Element: Checked by default: Add optional magazine subscription ($9.99/mo) to cart [Details],preselection
Hurry up! Just 15 spots available at this price!,scarcity
"Notice: Option: Nah, I don't want to protect my purchase warranty.",confirmshaming
Open menu,normal
Notice: Forced tracking consent: You must accept cross-site tracking cookies to view this page [Privacy Dark Pattern].,privacy_manipulation
"Alert: Click here: No, I don't want to save money and prefer paying full price!",confirmshaming
⚠️ Stock is extremely low - only 1 items remaining!,scarcity
Update: Deceptive consent: Click 'I Agree' to sell your personal location and demographic data [Privacy Dark Pattern] - Click here,privacy_manipulation
Required step: consent to third-party marketing to enable button [Required],forced_action
Last chance! Offer ends in 15:59!,urgency
Alert: Checked by default: Add $4.99 premium shipping protection insurance to my order [Default On]!,preselection
Alert: ⚠️ Mandatory newsletter registration required to proceed to download - Action Required!,forced_action
Alert: ⚠️ Must agree to mandatory data sharing to access free content -> Must agree to continue!,forced_action
"Alert: No thanks, No, I prefer being uninformed and losing out on deals!",confirmshaming
"Notice: Select: No, I prefer wasting time and paying full price.",confirmshaming
🔥 Low inventory warning: only 48 units remain!,scarcity
"No thanks, No, I don't want free shipping and exclusive discounts",confirmshaming
Read user guide,normal
⚠️ You must create an account and subscribe to promotional emails to complete checkout - Action Required,forced_action
"Notice: Click here: No, I don't want VIP perks and special benefits.",confirmshaming
Default checked option: Subscribe to newsletter and agree to partner data access,preselection
Print menu,normal
Notice: Confusing wording: Uncheck this box if you DO NOT wish to NOT receive promotional offers [Misleading UI].,misdirection
Deceptive consent renewal: Popup demands cookie permission repeatedly until user clicks Accept All (Cookie Consent Trick),privacy_manipulation
"Notice: Select: No, keep my order expensive.",confirmshaming
"Alert: No thanks, No, I don't want free shipping and exclusive discounts!",confirmshaming
LAST CHANCE! OFFER ENDS IN 30:30!,urgency
Featured Items - Click here,normal
"Alert: Nah, I don't care about my security and privacy - I'll pay full price!",confirmshaming
Mandatory software installation required to proceed to website - Action Required,forced_action
Alert: ⚠️ You must create an account and subscribe to promotional emails to complete checkout (Mandatory)!,forced_action
⚠️ Only 7 items left in stock!,scarcity
"Notice: No, I don't want to protect my account with security updates.",confirmshaming
"Alert: No thanks, No, I don't care about getting the best value!",confirmshaming
Email Notifications Preferences [Verified],normal
HURRY! OFFER EXPIRES IN 10:59 MINUTES!,urgency
Notice: Misleading opt-out: 'Keep my discount' actually subscribes you to paid membership (Deceptive Button).,misdirection
⚡ Countdown timer: 05 mins 15 secs remaining!,urgency
Notice: Misleading layout: 'X' button on popup actually opens promotional offer page - Visual Trickery.,misdirection
"Notice: Nah, I don't want to protect my purchase warranty.",confirmshaming
Notice: HURRY! OFFER EXPIRES IN 30:15 MINUTES!.,urgency
Act now before this deal vanishes!,urgency
"Update: Deceptive account privacy: Default settings set user profile, photos, and location to Public [Privacy Dark Pattern] - Click here",privacy_manipulation
Change Password - Click here,normal
Alert: You must download our toolbar application to view this content - Action Required!,forced_action
⚠️ In high demand! 5 purchased in the last hour!,scarcity
⚠️ High demand! Only 3 units available!,scarcity
Popular item! Only 9 left in our inventory!,scarcity
🔥 Over 1 people are viewing this offer currently!,scarcity
Limited stock available! Only 48 items left for immediate dispatch!,scarcity
Alert: Deceptive button: 'Download Now' installs third-party adware instead of software -> Misdirection!,misdirection
Buy Now (Optional),normal
"Alert: Click here: No, I don't want to protect my account with security updates!",confirmshaming
Popular item! Only 23 left in our inventory!,scarcity
Almost sold out! Only 1 remaining in warehouse!,scarcity
Update: Pre-selected: Upgrade my ticket to non-refundable premium tier automatically [Default On] - Click here,preselection
Account creation and promotional consent required to view price - Action Required,forced_action
Notice: You are required to share your location and contact list to access this feature -> Must agree to continue.,forced_action
High demand! Only 7 units available!,scarcity
Important: Pre-selected box: Opt-in to promotional SMS text messaging and robo-calls [Default On] (Now),preselection
🔥 Hurry up! Just 48 spots available at this price!,scarcity
Stock is extremely low - only 3 items remaining!,scarcity
"Update: Nah, I don't care about my security and privacy - I'll pay full price - Click here",confirmshaming
Required action: Join our rewards program to complete your order (Mandatory),forced_action
LAST CHANCE! OFFER ENDS IN 02:15!,urgency
"Update: No thanks, I prefer paying extra fees - Click here",confirmshaming
Important: Primary highlighted button: 'ADD EVERYTHING TO CART' | Hidden text: 'No thanks' [Misleading UI] (Now),misdirection
"Alert: No thanks, I hate saving money - I'll pay full price!",confirmshaming
Notice: ⚠️ Mandatory survey completion required before downloading your file (Mandatory).,forced_action
Alert: Pre-checked checkbox: Opt-in to marketing telemetry and behavior profiling (Checked)!,preselection
"Alert: No, I don't want to save money and prefer paying full price (I'll pass)!",confirmshaming
🔥 Selling fast! Only 48 left in stock!,scarcity
Notice: Selected: Automatically renew my subscription every month at full price [Default On].,preselection
Alert: You must download our toolbar application to view this content!,forced_action
Deceptive consent: Click 'I Agree' to sell your personal location and demographic data (Cookie Consent Trick),privacy_manipulation
UI Element: Pre-checked checkbox: Opt-in to marketing telemetry and behavior profiling (Checked) [Details],preselection
⚠️ Must agree to mandatory data sharing to access free content [Required],forced_action
⚡ Flash Sale! Prices revert to full price in 45 minutes!,urgency
Mandatory survey completion required before downloading your file - Action Required,forced_action
Tax: $4.00 [Verified],normal
🔥 High demand! Only 5 units available!,scarcity
Alert: You are required to share your location and contact list to access this feature!,forced_action
Deceptive consent renewal: Popup demands cookie permission repeatedly until user clicks Accept All -> Privacy Violation,privacy_manipulation
⚠️ You are required to share your location and contact list to access this feature (Mandatory),forced_action
Notice: Mandatory newsletter registration required to proceed to download.,forced_action
Notice: Trick phrasing: Check if you do not want us to refrain from sharing your data.,misdirection
LAST CHANCE! OFFER ENDS IN 02:45!,urgency
Countdown timer: 05 mins 45 secs remaining!,urgency
"Alert: No thanks, No thanks, I'd rather miss out on amazing savings!",confirmshaming
Weight: 1.2 lbs - Learn More,normal
Print privacy statement,normal
Deceptive button: 'Download Now' installs third-party adware instead of software (Deceptive Button),misdirection
UI Element: Pre-checked: Sign me up for VIP rewards club membership ($19.99/month) [Details],preselection
⚡ Countdown timer: 05 mins 45 secs remaining!,urgency
⚠️ 48 people have this product in their cart right now!,scarcity
"Notice: Select: Nah, I prefer paying full price for items.",confirmshaming
Notice: ⚠️ You must download our toolbar application to view this content - Action Required.,forced_action
"Notice: Nah, I prefer paying full price for items (I'll pass).",confirmshaming
"Notice: Ambiguous action: 'Yes, don't show this again' enables background data collection.",misdirection
Notice: We value your privacy: Accept All Cookies & Data Selling (One-click) vs 15-step manual opt-out -> Privacy Violation.,privacy_manipulation
⚡ Last chance! Offer ends in 05:30!,urgency
Pre-selected: Upgrade my ticket to non-refundable premium tier automatically,preselection
Update: Default checked option: Subscribe to newsletter and agree to partner data access (Checked) - Click here,preselection
"Alert: No thanks, I don't want a 20% discount on my purchase!",confirmshaming
You must allow push notifications to continue using this website (Mandatory),forced_action
Standard Return Policy applies within 30 days,normal
Alert: Checked by default: Keep me logged in and allow persistent tracking cookies [Default On]!,preselection
Alert: Deceptive consent: Click 'I Agree' to sell your personal location and demographic data!,privacy_manipulation
Important: We value your privacy: Accept All Cookies & Data Selling (One-click) vs 15-step manual opt-out (Cookie Consent Trick) (Now),privacy_manipulation
Wishlist (Optional),normal
New Arrivals [Verified],normal
Countdown timer: 30 mins 15 secs remaining!,urgency
DISCOUNT CODE VALID FOR THE NEXT 10 MINUTES ONLY!,urgency
Alert: Manipulative privacy choice: 'Allow tracking to keep service free' vs 'Pay $10/mo to opt-out of tracking' [Privacy Dark Pattern]!,privacy_manipulation
⚠️ Popular item! Only 3 left in our inventory!,scarcity
Visual hierarchy trick: Huge 'UPGRADE NOW' button next to faded unclickable 'No thanks' -> Misdirection,misdirection
🔥 High demand! Only 1 units available!,scarcity
Notice: Allow all 500+ ad partners to track your activity across websites for personalized ads - Data Exploitation.,privacy_manipulation
🔥 2 people have this product in their cart right now!,scarcity
We value your privacy: Accept All Cookies & Data Selling (One-click) vs 15-step manual opt-out [Privacy Dark Pattern],privacy_manipulation
Update: Checked by default: Keep me logged in and allow persistent tracking cookies (Pre-selected) - Click here,preselection
UI Element: Pre-selected: Automatically add extended warranty package ($14.99) to checkout [Default On] [Details],preselection
"Notice: ⚠️ To read this article, you must subscribe to our daily email newsletter (Mandatory).",forced_action
🔥 Almost sold out! Only 1 remaining in warehouse!,scarcity
Share on Facebook - Click here,normal
UI Element: Default checked option: Subscribe to newsletter and agree to partner data access (Pre-selected) [Details],preselection
HURRY UP! PRICE GOES BACK UP AT MIDNIGHT!,urgency
⚠️ Account creation and promotional consent required to view price -> Must agree to continue,forced_action
Notice: ⚠️ Required: Subscribe to our partner offers to unlock your free trial.,forced_action
Notice: Confusing privacy toggle: 'Disable Non-Essential Data Selling' (Default: OFF).,privacy_manipulation
Misleading layout: 'X' button on popup actually opens promotional offer page - Visual Trickery,misdirection
"Alert: No, keep my order expensive!",confirmshaming
UI Element: Visually prominent 'ACCEPT ALL SPONSORS' vs hidden invisible 'Reject all' button [Misleading UI] [Details],misdirection
⚠️ Must agree to mandatory data sharing to access free content -> Must agree to continue,forced_action
🔥 Limited stock available! Only 4 items left for immediate dispatch!,scarcity
UI Element: Checked by default: Add optional magazine subscription ($9.99/mo) to cart - Auto-enrolled [Details],preselection
"Alert: Privacy confirmshaming: 'No, I don't care about my online privacy and safety' - Data Exploitation!",privacy_manipulation
Notice: Checked by default: Add $4.99 premium shipping protection insurance to my order (Pre-selected).,preselection
UI Element: Misleading opt-out: 'Keep my discount' actually subscribes you to paid membership - Visual Trickery [Details],misdirection
UI Element: Misleading opt-out: 'Keep my discount' actually subscribes you to paid membership -> Misdirection [Details],misdirection
Selling fast! Only 12 left in stock!,scarcity
🔥 Hurry up! Just 7 spots available at this price!,scarcity
Sign Up - Official Store,normal
Alert: Required action: Join our rewards program to complete your order (Mandatory)!,forced_action
"Notice: No, I don't care about getting the best value (I'll pass).",confirmshaming
🔥 Over 5 people are viewing this offer currently!,scarcity
Pre-selected default: Add optional carbon offset donation ($2.50) to order - Auto-enrolled,preselection
Alert: Pre-selected default: Add optional carbon offset donation ($2.50) to order!,preselection
HURRY! OFFER EXPIRES IN 10:45 MINUTES!,urgency
Confusing double negative: Check box to refrain from not receiving marketing emails (Deceptive Button),misdirection
Notice: Deceptive privacy setting: 'Enhance your experience' secretly enables microphone & location telemetry.,privacy_manipulation
UI Element: Default checked: Share my browsing profile with advertising network partners [Details],preselection
"Alert: Nah, I don't want to improve my skills and stay behind!",confirmshaming
⚡ Last chance! Offer ends in 10:30!,urgency
Hurry! Offer expires in 05:15 minutes!,urgency
Alert: Required: Subscribe to our partner offers to unlock your free trial (Mandatory)!,forced_action
🔥 Hurry up! Just 9 spots available at this price!,scarcity
Notice: Confusing wording: Uncheck this box if you DO NOT wish to NOT receive promotional offers (Deceptive Button).,misdirection
"Notice: Option: Nah, I don't care about my security and privacy.",confirmshaming
🔥 High demand! Only 12 units available!,scarcity
"Notice: No, I don't want to save money and prefer paying full price (I'll pass).",confirmshaming
UI Element: Misleading opt-out: 'Keep my discount' actually subscribes you to paid membership [Misleading UI] [Details],misdirection
🔥 Limited stock available! Only 5 items left for immediate dispatch!,scarcity
Notice: Mandatory newsletter registration required to proceed to download [Required].,forced_action
Limited stock available! Only 23 items left for immediate dispatch!,scarcity
Alert: Primary highlighted button: 'ADD EVERYTHING TO CART' | Hidden text: 'No thanks' (Deceptive Button)!,misdirection
⚡ Last chance! Offer ends in 02:59!,urgency
UI Element: Misleading opt-out: 'Keep my discount' actually subscribes you to paid membership (Deceptive Button) [Details],misdirection
Low inventory warning: only 48 units remain!,scarcity
Update: Pre-selected: Automatically add extended warranty package ($14.99) to checkout - Click here,preselection
🔥 Low inventory warning: only 9 units remain!,scarcity
UI Element: Default checked: Share my browsing profile with advertising network partners - Auto-enrolled [Details],preselection
Select documentation,normal
"Alert: No, I enjoy paying more money - I'll pay full price!",confirmshaming
"Select: No thanks, I don't care about saving money",confirmshaming
⚡ Only 05 minutes left to qualify for free express shipping!,urgency
UI Element: Pre-selected default: Add optional carbon offset donation ($2.50) to order [Details],preselection
Update: Misleading opt-out: 'Keep my discount' actually subscribes you to paid membership - Click here,misdirection
Update: Confusing double negative: Check box to refrain from not receiving marketing emails -> Misdirection - Click here,misdirection
Alert: Confusing wording: Uncheck this box if you DO NOT wish to NOT receive promotional offers!,misdirection
Confusing wording: Uncheck this box if you DO NOT wish to NOT receive promotional offers -> Misdirection,misdirection
Alert: ⚠️ Mandatory software installation required to proceed to website -> Must agree to continue!,forced_action
Notice: Compulsory registration: enter phone number and permit marketing calls to proceed [Required].,forced_action
About Us - Learn More,normal
"Alert: No, I don't want to save money and prefer paying full price - I'll pay full price!",confirmshaming
Alert: Misleading button label: 'Continue Free Trial' secretly charges $49.99 after 3 days (Deceptive Button)!,misdirection
Returns & Exchanges,normal
🔥 Almost sold out! Only 15 remaining in warehouse!,scarcity
⚡ Hurry! Offer expires in 02:15 minutes!,urgency
Pre-checked checkbox: Opt-in to marketing telemetry and behavior profiling [Default On],preselection
"Notice: No thanks, No thanks, I prefer paying extra fees.",confirmshaming
Default Address,normal
Notice: Required action: Join our rewards program to complete your order (Mandatory).,forced_action
Alert: Pre-selected box: Opt-in to promotional SMS text messaging and robo-calls (Checked)!,preselection
"Alert: Select: Nah, I don't want to protect my purchase warranty!",confirmshaming
Deceptive consent: Click 'I Agree' to sell your personal location and demographic data [Privacy Dark Pattern],privacy_manipulation
Update: Misleading opt-out: 'Keep my discount' actually subscribes you to paid membership -> Misdirection - Click here,misdirection
"No thanks, I don't care about saving money",confirmshaming
"Alert: No, I enjoy paying more money (I'll pass)!",confirmshaming
Notice: Pre-selected: Enroll me in auto-bill pay and recurring monthly membership (Pre-selected).,preselection
Tax: $4.00 (Optional),normal
Gift card code (Optional),normal
Allow all 500+ ad partners to track your activity across websites for personalized ads - Data Exploitation,privacy_manipulation
Notice: Pre-checked checkbox: Opt-in to marketing telemetry and behavior profiling (Pre-selected).,preselection
Update: Confusing privacy toggle: 'Disable Non-Essential Data Selling' (Default: OFF) - Click here,privacy_manipulation
High demand! Only 23 units available!,scarcity
"Update: Privacy confirmshaming: 'No, I don't care about my online privacy and safety' (Cookie Consent Trick) - Click here",privacy_manipulation
Explore privacy statement,normal
⚠️ In high demand! 23 purchased in the last hour!,scarcity
"Notice: Privacy confirmshaming: 'No, I don't care about my online privacy and safety' [Privacy Dark Pattern].",privacy_manipulation
Big Green Button: ACCEPT ALL EXTRA CHARGES | Small grey text: Skip optional add-on -> Misdirection,misdirection
"Notice: No, keep my order expensive - I'll pay full price.",confirmshaming
Notice: ⚠️ Mandatory newsletter registration required to proceed to download - Action Required.,forced_action
Important: Pre-selected: Automatically add extended warranty package ($14.99) to checkout (Now),preselection
"Nah, I prefer paying full price for items - I'll pay full price",confirmshaming
In high demand! 2 purchased in the last hour!,scarcity
Important: Deceptive privacy setting: 'Enhance your experience' secretly enables microphone & location telemetry [Privacy Dark Pattern] (Now),privacy_manipulation
Only 9 items left in stock!,scarcity
Only 9 items left before backorder!,scarcity
"Notice: No thanks, No, I don't want VIP perks and special benefits.",confirmshaming
⚡ Last chance! Offer ends in 02:00!,urgency
UI Element: Pre-selected: Upgrade my ticket to non-refundable premium tier automatically - Auto-enrolled [Details],preselection
Store Locator (Optional),normal
Notice: ⚡ Hurry! Offer expires in 30:00 minutes!.,urgency
Notice: Hurry! Offer expires in 05:15 minutes!.,urgency
⚠️ High demand! Only 2 units available!,scarcity
"Nah, I prefer paying full price for items (I'll pass)",confirmshaming
Required step: consent to third-party marketing to enable button,forced_action
⚡ Last chance! Offer ends in 10:15!,urgency
Notice: ⚡ Last chance! Offer ends in 15:00!.,urgency
Mandatory newsletter registration required to proceed to download [Required],forced_action
Read shipping policy,normal
"Notice: No thanks, I'd rather miss out on amazing savings - I'll pay full price.",confirmshaming
Cookie Notice: We use essential cookies to ensure web functionality. (Standard Rate),normal
UI Element: Obstacle-ridden privacy controls: Rejecting cookies requires toggling 200 individual vendor switches - Data Exploitation [Details],privacy_manipulation
Only 02 minutes left to qualify for free express shipping!,urgency
Update: Pre-checked privacy consent: Automatically agree to share personal data with third-party brokers -> Privacy Violation - Click here,privacy_manipulation
Popular item! Only 4 left in our inventory!,scarcity
"Update: Ambiguous action: 'Yes, don't show this again' enables background data collection -> Misdirection - Click here",misdirection
"Deceptive account privacy: Default settings set user profile, photos, and location to Public",privacy_manipulation
"Alert: No thanks, I prefer paying extra fees!",confirmshaming
Only 4 items left before backorder!,scarcity
UI Element: Deceptive consent renewal: Popup demands cookie permission repeatedly until user clicks Accept All (Cookie Consent Trick) [Details],privacy_manipulation
Countdown timer: 45 mins 00 secs remaining!,urgency
Subscribe to newsletter for weekly updates - Available now,normal
"Alert: Click here: No, I prefer wasting time and paying full price!",confirmshaming
DISCOUNT CODE VALID FOR THE NEXT 45 MINUTES ONLY!,urgency
Last chance! Offer ends in 30:45!,urgency
⚠️ Stock is extremely low - only 12 items remaining!,scarcity
Only 10 minutes left to qualify for free express shipping!,urgency
Important: Visual hierarchy trick: Huge 'UPGRADE NOW' button next to faded unclickable 'No thanks' (Now),misdirection
Update: Pre-checked: Automatically sign me up for weekly marketing emails and partner offers - Auto-enrolled - Click here,preselection
Notice: Deceptive consent renewal: Popup demands cookie permission repeatedly until user clicks Accept All.,privacy_manipulation
Alert: ⚠️ You must allow push notifications to continue using this website!,forced_action
"Click here: No thanks, I hate saving money",confirmshaming
Place Order - Learn More,normal
UI Element: Pre-checked: Sign me up for VIP rewards club membership ($19.99/month) - Auto-enrolled [Details],preselection
Popular item! Only 7 left in our inventory!,scarcity
Misleading opt-out: 'Keep my discount' actually subscribes you to paid membership,misdirection
HURRY! ONLY 45 MINUTES LEFT TO CLAIM 50% OFF!,urgency
"Option: No thanks, I don't want a 20% discount on my purchase",confirmshaming
Weight: 1.2 lbs (Standard Rate),normal
"No, I prefer wasting time and paying full price",confirmshaming
⚠️ Selling fast! Only 3 left in stock!,scarcity
Redeem points (Optional),normal
COUNTDOWN TIMER: 30 MINS 15 SECS REMAINING!,urgency
"Alert: No thanks, I hate saving money (I'll pass)!",confirmshaming
LAST CHANCE! OFFER ENDS IN 10:00!,urgency
Alert: Must agree to mandatory data sharing to access free content [Required]!,forced_action
Notice: Pre-selected: Enroll me in auto-bill pay and recurring monthly membership - Auto-enrolled.,preselection
"Click here: Nah, I prefer paying full price for items",confirmshaming
Store Locator,normal
Alert: ⚠️ Compulsory registration: enter phone number and permit marketing calls to proceed -> Must agree to continue!,forced_action
HURRY! OFFER EXPIRES IN 02:45 MINUTES!,urgency
Notice: Visual hierarchy trick: Huge 'UPGRADE NOW' button next to faded unclickable 'No thanks' -> Misdirection.,misdirection
UI Element: Pre-checked privacy consent: Automatically agree to share personal data with third-party brokers -> Privacy Violation [Details],privacy_manipulation
"Update: Privacy manipulation: 'Accept All Cookies' button highlighted, 'Reject All' button disabled/hidden - Data Exploitation - Click here",privacy_manipulation
Select Size: Medium - Details,normal
Alert: Mandatory survey completion required before downloading your file (Mandatory)!,forced_action
"Alert: Option: No, I don't want to save money and prefer paying full price!",confirmshaming
Notice: Deceptive button: 'Download Now' installs third-party adware instead of software [Misleading UI].,misdirection
Alert: ⚠️ Required: Subscribe to our partner offers to unlock your free trial - Action Required!,forced_action
"Alert: No, I don't want to protect my account with security updates!",confirmshaming
Update: Prominent 'AGREE & PAY' button vs disguised 'Manage preferences' hyperlink - Click here,misdirection
Update: Hard-to-find opt-out: 'Do Not Sell My Personal Information' link hidden in footer 8pt font - Data Exploitation - Click here,privacy_manipulation
🔥 Limited stock available! Only 1 items left for immediate dispatch!,scarcity
Important: Selected: Automatically renew my subscription every month at full price - Auto-enrolled (Now),preselection
⚡ Urgent! Claim your free gift within 30 minutes!,urgency
UI Element: Big Green Button: ACCEPT ALL EXTRA CHARGES | Small grey text: Skip optional add-on -> Misdirection [Details],misdirection
🔥 Popular item! Only 7 left in our inventory!,scarcity
User Profile - Details,normal
Download User Manual,normal
High demand! Only 15 units available!,scarcity
Notice: Deceptive consent renewal: Popup demands cookie permission repeatedly until user clicks Accept All (Cookie Consent Trick).,privacy_manipulation
Update: Checked by default: Add optional magazine subscription ($9.99/mo) to cart [Default On] - Click here,preselection
Best Sellers | Customer Care,normal
Page 1 of 5 (Optional),normal
🔥 Hurry up! Just 4 spots available at this price!,scarcity
Update: Hard-to-find opt-out: 'Do Not Sell My Personal Information' link hidden in footer 8pt font (Cookie Consent Trick) - Click here,privacy_manipulation
Notice: ⚠️ Must agree to mandatory data sharing to access free content (Mandatory).,forced_action
High demand! Only 48 units available!,scarcity
Update: Checked by default: Add optional magazine subscription ($9.99/mo) to cart (Checked) - Click here,preselection
Deceptive button: 'Download Now' installs third-party adware instead of software [Misleading UI],misdirection
COUNTDOWN TIMER: 02 MINS 00 SECS REMAINING!,urgency
"Nah, I don't want to protect my purchase warranty - I'll pay full price",confirmshaming
Alert: Trick phrasing: Check if you do not want us to refrain from sharing your data -> Misdirection!,misdirection
⚡ Limited time offer - act fast!,urgency
Alert: Pre-selected: Automatically add extended warranty package ($14.99) to checkout!,preselection
🔥 Only 48 items left in stock!,scarcity
🔥 Hurry up! Just 1 spots available at this price!,scarcity
UI Element: Deceptive consent: Click 'I Agree' to sell your personal location and demographic data - Data Exploitation [Details],privacy_manipulation
Update: Allow all 500+ ad partners to track your activity across websites for personalized ads - Click here,privacy_manipulation
Update: Deceptive button: 'Download Now' installs third-party adware instead of software [Misleading UI] - Click here,misdirection
"Color Options: Blue, Red, Silver (Standard Rate)",normal
Cancel Edit (Optional),normal
UI Element: Manipulative privacy choice: 'Allow tracking to keep service free' vs 'Pay $10/mo to opt-out of tracking' - Data Exploitation [Details],privacy_manipulation
Countdown timer: 30 mins 30 secs remaining!,urgency
Open release notes,normal
UI Element: Pre-selected: Upgrade my ticket to non-refundable premium tier automatically [Default On] [Details],preselection
⚠️ Only 15 items left in stock!,scarcity
Alert: Mandatory newsletter registration required to proceed to download!,forced_action
UI Element: Pre-selected default: Add optional carbon offset donation ($2.50) to order [Default On] [Details],preselection
"Color Options: Blue, Red, Silver (Optional)",normal
Alert: Mandatory software installation required to proceed to website (Mandatory)!,forced_action
UI Element: Pre-checked checkbox: Opt-in to marketing telemetry and behavior profiling (Pre-selected) [Details],preselection
Alert: Pre-checked checkbox: Opt-in to marketing telemetry and behavior profiling!,preselection
🔥 Hurry up! Just 2 spots available at this price!,scarcity
Notice: Deceptive button: 'Download Now' installs third-party adware instead of software.,misdirection
Alert: ⚠️ Required action: Join our rewards program to complete your order - Action Required!,forced_action
Alert: Hard-to-find opt-out: 'Do Not Sell My Personal Information' link hidden in footer 8pt font -> Privacy Violation!,privacy_manipulation
Hurry! Offer expires in 30:30 minutes!,urgency
In high demand! 7 purchased in the last hour!,scarcity
"No, I prefer wasting time and paying full price - I'll pay full price",confirmshaming
In high demand! 23 purchased in the last hour!,scarcity
"Welcome back, User - Learn More",normal
"Click here: No thanks, I'd rather miss out on amazing savings",confirmshaming
⚡ Hurry! Only 45 minutes left to claim 50% off!,urgency
Notice: Manipulative privacy choice: 'Allow tracking to keep service free' vs 'Pay $10/mo to opt-out of tracking' - Data Exploitation.,privacy_manipulation
Notice: ⚠️ You must create an account and subscribe to promotional emails to complete checkout (Mandatory).,forced_action
Flash Sale! Prices revert to full price in 15 minutes!,urgency
Alert: ⚠️ You are required to share your location and contact list to access this feature (Mandatory)!,forced_action
Clear filter - Details,normal
View user guide,normal
Checked by default: Add optional magazine subscription ($9.99/mo) to cart - Auto-enrolled,preselection
Update: Pre-selected box: Opt-in to promotional SMS text messaging and robo-calls - Click here,preselection
Mandatory newsletter registration required to proceed to download - Action Required,forced_action
Contact Us (Optional),normal
Secure Checkout SSL Encrypted - Official Store,normal
Important: Accept All & Continue (Recommended) vs [Tiny link: Decline & customize] - Visual Trickery (Now),misdirection
Hard-to-find opt-out: 'Do Not Sell My Personal Information' link hidden in footer 8pt font -> Privacy Violation,privacy_manipulation
⚠️ Mandatory software installation required to proceed to website - Action Required,forced_action
⚠️ Only 48 left at this discounted rate!,scarcity
Important: Pre-selected: Enroll me in auto-bill pay and recurring monthly membership (Now),preselection
Alert: We value your privacy: Accept All Cookies & Data Selling (One-click) vs 15-step manual opt-out (Cookie Consent Trick)!,privacy_manipulation
HURRY! OFFER EXPIRES IN 30:15 MINUTES!,urgency
"Notice: No thanks, I prefer paying extra fees - I'll pay full price.",confirmshaming
⚠️ High demand! Only 23 units available!,scarcity
Stock is extremely low - only 12 items remaining!,scarcity
Almost sold out! Only 2 remaining in warehouse!,scarcity
Alert: Big Green Button: ACCEPT ALL EXTRA CHARGES | Small grey text: Skip optional add-on -> Misdirection!,misdirection
UI Element: Pre-selected: Enroll me in auto-bill pay and recurring monthly membership (Pre-selected) [Details],preselection
HURRY! OFFER EXPIRES IN 30:59 MINUTES!,urgency
🔥 In high demand! 23 purchased in the last hour!,scarcity
🔥 Almost sold out! Only 4 remaining in warehouse!,scarcity
"Notice: To continue, you must agree to receive daily promotional SMS messages.",forced_action
Default checked: Share my browsing profile with advertising network partners [Default On],preselection
Update: Forced tracking consent: You must accept cross-site tracking cookies to view this page - Data Exploitation - Click here,privacy_manipulation
UI Element: Pre-checked: Automatically sign me up for weekly marketing emails and partner offers - Auto-enrolled [Details],preselection
"Alert: No thanks, No thanks, I prefer paying extra fees!",confirmshaming
Previous page - Click here,normal
Update: Pre-selected box: Opt-in to promotional SMS text messaging and robo-calls [Default On] - Click here,preselection
Standard Shipping Rate applies [Verified],normal
Notice: Pre-selected default: Add optional carbon offset donation ($2.50) to order [Default On].,preselection
Pre-selected default: Add optional carbon offset donation ($2.50) to order,preselection
1 people have this product in their cart right now!,scarcity
Pre-selected box: Opt-in to promotional SMS text messaging and robo-calls (Checked),preselection
Select Size: Medium | Customer Care,normal
"Notice: No, I prefer wasting time and paying full price - I'll pay full price.",confirmshaming
🔥 48 people have this product in their cart right now!,scarcity
Confusing double negative: Check box to refrain from not receiving marketing emails [Misleading UI],misdirection
Select pricing table,normal
Notice: Pre-selected box: Opt-in to promotional SMS text messaging and robo-calls - Auto-enrolled.,preselection
Item added to cart - Details,normal
⚡ Last chance! Offer ends in 15:45!,urgency
Help Center (Optional),normal
Notice: ⚠️ You are required to share your location and contact list to access this feature.,forced_action
Standard Return Policy applies within 30 days - Available now,normal
⚡ Last chance! Offer ends in 05:59!,urgency
"Alert: ⚠️ To read this article, you must subscribe to our daily email newsletter!",forced_action
Notice: ⚠️ Must agree to mandatory data sharing to access free content - Action Required.,forced_action
"⚠️ To read this article, you must subscribe to our daily email newsletter - Action Required",forced_action
Notice: Pre-checked: Automatically sign me up for weekly marketing emails and partner offers - Auto-enrolled.,preselection
Terms of Service - Details,normal
View contact form,normal
🔥 Low inventory warning: only 7 units remain!,scarcity
Important: Accept All & Continue (Recommended) vs [Tiny link: Decline & customize] (Deceptive Button) (Now),misdirection
Clear filter [Verified],normal
Alert: ⚠️ Must agree to mandatory data sharing to access free content (Mandatory)!,forced_action
Update: Big Green Button: ACCEPT ALL EXTRA CHARGES | Small grey text: Skip optional add-on - Visual Trickery - Click here,misdirection
Checked by default: Add optional magazine subscription ($9.99/mo) to cart (Checked),preselection
Place Order - Available now,normal
Discount code valid for the next 05 minutes only!,urgency
🔥 In high demand! 1 purchased in the last hour!,scarcity
⚡ Countdown timer: 45 mins 45 secs remaining!,urgency
OFFER EXPIRING! COMPLETE YOUR RESERVATION NOW!,urgency
⚠️ You must allow push notifications to continue using this website,forced_action
Alert: Visual hierarchy trick: Huge 'UPGRADE NOW' button next to faded unclickable 'No thanks' [Misleading UI]!,misdirection
UI Element: Pre-selected box: Opt-in to promotional SMS text messaging and robo-calls (Pre-selected) [Details],preselection
Alert: ⚠️ Required: Subscribe to our partner offers to unlock your free trial [Required]!,forced_action
Misleading cookie banner: 'By remaining on this site you consent to full data collection & ad profiling',privacy_manipulation
Update: Misleading layout: 'X' button on popup actually opens promotional offer page - Visual Trickery - Click here,misdirection
"Notice: Deceptive choice: Click 'Cancel' to proceed with order, or 'OK' to abort (Deceptive Button).",misdirection
"Alert: Option: Nah, I don't want to protect my purchase warranty!",confirmshaming
⚠️ Only 1 items left in stock!,scarcity
"⚠️ To read this article, you must subscribe to our daily email newsletter [Required]",forced_action
Deceptive consent: Click 'I Agree' to sell your personal location and demographic data -> Privacy Violation,privacy_manipulation
Deceptive consent renewal: Popup demands cookie permission repeatedly until user clicks Accept All - Data Exploitation,privacy_manipulation
⚠️ In high demand! 48 purchased in the last hour!,scarcity
"Notice: No thanks, I'd rather miss out on amazing savings (I'll pass).",confirmshaming
Log In (Standard Rate),normal
"Notice: Click here: Nah, I'll pass on saving $50 today.",confirmshaming
Countdown timer: 05 mins 59 secs remaining!,urgency
Featured Items - Available now,normal
"Notice: No thanks, I don't care about saving money (I'll pass).",confirmshaming
⚡ Hurry! Offer expires in 10:30 minutes!,urgency
Mandatory newsletter registration required to proceed to download,forced_action
You must download our toolbar application to view this content,forced_action
"Notice: Click here: No, I don't want free shipping and exclusive discounts.",confirmshaming
Last chance! Offer ends in 45:30!,urgency
🔥 Over 12 people are viewing this offer currently!,scarcity
"Important: Deceptive choice: Click 'Cancel' to proceed with order, or 'OK' to abort [Misleading UI] (Now)",misdirection
Compare Items,normal
Wishlist - Available now,normal
Alert: ⚠️ Required action: Join our rewards program to complete your order -> Must agree to continue!,forced_action
Important: Pre-selected default: Add optional carbon offset donation ($2.50) to order (Now),preselection
Cookie Notice: We use essential cookies to ensure web functionality.,normal
Search results for headphones - Click here,normal
Alert: ⚠️ You must create an account and subscribe to promotional emails to complete checkout -> Must agree to continue!,forced_action
Notice: Obstacle-ridden privacy controls: Rejecting cookies requires toggling 200 individual vendor switches [Privacy Dark Pattern].,privacy_manipulation
"Alert: No, I don't care about getting the best value - I'll pay full price!",confirmshaming
Add to Cart (Standard Rate),normal
Only 15 items left in stock!,scarcity
⚠️ Required: Subscribe to our partner offers to unlock your free trial -> Must agree to continue,forced_action
Alert: Hard-to-find opt-out: 'Do Not Sell My Personal Information' link hidden in footer 8pt font - Data Exploitation!,privacy_manipulation
⚡ Countdown timer: 30 mins 30 secs remaining!,urgency
UI Element: Allow all 500+ ad partners to track your activity across websites for personalized ads -> Privacy Violation [Details],privacy_manipulation
Final hours! Special promotional price ends today!,urgency
"Update: No thanks, I don't want a 20% discount on my purchase - Click here",confirmshaming
UI Element: Hard-to-find opt-out: 'Do Not Sell My Personal Information' link hidden in footer 8pt font - Data Exploitation [Details],privacy_manipulation
Notice: Forced tracking consent: You must accept cross-site tracking cookies to view this page - Data Exploitation.,privacy_manipulation
⚡ Hurry! Offer expires in 45:15 minutes!,urgency
⚠️ Stock is extremely low - only 9 items remaining!,scarcity
Compatibility: iOS and Android,normal
Notice: Pre-checked privacy consent: Automatically agree to share personal data with third-party brokers.,privacy_manipulation
Hurry! Only 48 left - order soon!,scarcity
"Update: Deceptive choice: Click 'Cancel' to proceed with order, or 'OK' to abort - Visual Trickery - Click here",misdirection
"Notice: No thanks, I don't want free unlimited access (I'll pass).",confirmshaming
Free Shipping on orders over $50 | Customer Care,normal
Compare Items [Verified],normal
Important: Checked by default: Add $4.99 premium shipping protection insurance to my order - Auto-enrolled (Now),preselection
UI Element: Checked by default: Add $4.99 premium shipping protection insurance to my order (Checked) [Details],preselection
Primary highlighted button: 'ADD EVERYTHING TO CART' | Hidden text: 'No thanks' - Visual Trickery,misdirection
Sort by price: low to high - Details,normal
Important: Obstacle-ridden privacy controls: Rejecting cookies requires toggling 200 individual vendor switches (Now),privacy_manipulation
You must download our toolbar application to view this content - Action Required,forced_action
"Alert: No, I enjoy paying more money!",confirmshaming
"Alert: Select: Nah, I'll pass on saving $50 today!",confirmshaming
"No thanks, Nah, I don't want to protect my purchase warranty",confirmshaming
"Alert: Option: No, I enjoy paying more money!",confirmshaming
UI Element: Checked by default: Add optional magazine subscription ($9.99/mo) to cart (Pre-selected) [Details],preselection
Filter by price - Available now,normal
Click to enlarge image (Optional),normal
⚡ Last chance! Offer ends in 30:15!,urgency
"Notice: Select: No, I don't want to save money and prefer paying full price.",confirmshaming
Notice: Pre-checked privacy consent: Automatically agree to share personal data with third-party brokers - Data Exploitation.,privacy_manipulation
⚠️ Account creation and promotional consent required to view price,forced_action
Forced tracking consent: You must accept cross-site tracking cookies to view this page (Cookie Consent Trick),privacy_manipulation
⚠️ Low inventory warning: only 9 units remain!,scarcity
⚠️ Mandatory newsletter registration required to proceed to download - Action Required,forced_action
Pre-selected default: Add optional carbon offset donation ($2.50) to order [Default On],preselection
Pre-checked: I agree to receive marketing communications from 50+ third-party sponsors - Auto-enrolled,preselection
Alert: Prominent 'AGREE & PAY' button vs disguised 'Manage preferences' hyperlink (Deceptive Button)!,misdirection
⚡ Hurry! Offer expires in 15:15 minutes!,urgency
Alert: Pre-checked privacy consent: Automatically agree to share personal data with third-party brokers [Privacy Dark Pattern]!,privacy_manipulation
Hurry! Offer expires in 10:45 minutes!,urgency
Account creation and promotional consent required to view price,forced_action
UI Element: Selected: Automatically renew my subscription every month at full price [Details],preselection
Selling fast! Only 5 left in stock!,scarcity
⚠️ Hurry! Only 3 left - order soon!,scarcity
Notice: Must agree to mandatory data sharing to access free content (Mandatory).,forced_action
Alert: Deceptive privacy setting: 'Enhance your experience' secretly enables microphone & location telemetry (Cookie Consent Trick)!,privacy_manipulation
⚠️ Selling fast! Only 2 left in stock!,scarcity
Wishlist [Verified],normal
Returns & Exchanges - Click here,normal
Notice: ⚡ Hurry! Offer expires in 05:00 minutes!.,urgency
Material: Stainless Steel (Standard Rate),normal
Update: Pre-checked checkbox: Opt-in to marketing telemetry and behavior profiling (Checked) - Click here,preselection
"Notice: Deceptive choice: Click 'Cancel' to proceed with order, or 'OK' to abort -> Misdirection.",misdirection
Check release notes,normal
Download PDF Invoice (Standard Rate),normal
UI Element: Deceptive privacy setting: 'Enhance your experience' secretly enables microphone & location telemetry - Data Exploitation [Details],privacy_manipulation
Notice: Pre-checked: Sign me up for VIP rewards club membership ($19.99/month) [Default On].,preselection
Notice: COUNTDOWN TIMER: 30 MINS 30 SECS REMAINING!.,urgency
Alert: Required action: Join our rewards program to complete your order!,forced_action
Notice: Pre-selected: Automatically add extended warranty package ($14.99) to checkout (Pre-selected).,preselection
Battery Life: up to 12 hours [Verified],normal
Selling fast! Only 9 left in stock!,scarcity
Copyright 2026 All Rights Reserved - Official Store,normal
Notice: HURRY! OFFER EXPIRES IN 30:45 MINUTES!.,urgency
⚠️ Only 5 items left in stock!,scarcity
Customer Reviews (4.5/5) - Learn More,normal
"Update: Click here: No thanks, I'd rather miss out on amazing savings - Click here",confirmshaming
Notice: Required: Subscribe to our partner offers to unlock your free trial [Required].,forced_action
"Alert: No thanks, No thanks, I don't want a 20% discount on my purchase!",confirmshaming
"No, I don't want to protect my account with security updates",confirmshaming
UI Element: Allow all 500+ ad partners to track your activity across websites for personalized ads [Details],privacy_manipulation
Prominent 'AGREE & PAY' button vs disguised 'Manage preferences' hyperlink -> Misdirection,misdirection
"Notice: Click here: No thanks, I don't care about saving money.",confirmshaming
🔥 Only 7 left at this discounted rate!,scarcity
Alert: Accept All & Continue (Recommended) vs [Tiny link: Decline & customize] [Misleading UI]!,misdirection
⚡ Countdown timer: 02 mins 45 secs remaining!,urgency
Notice: Primary highlighted button: 'ADD EVERYTHING TO CART' | Hidden text: 'No thanks'.,misdirection
Update: Misleading layout: 'X' button on popup actually opens promotional offer page - Click here,misdirection
Important: Misleading opt-out: 'Keep my discount' actually subscribes you to paid membership (Now),misdirection
Alert: Mandatory software installation required to proceed to website - Action Required!,forced_action
COUNTDOWN TIMER: 02 MINS 59 SECS REMAINING!,urgency
"Alert: Nah, I'll pass on saving $50 today - I'll pay full price!",confirmshaming
Alert: Pre-selected: Automatically add extended warranty package ($14.99) to checkout (Pre-selected)!,preselection
"Alert: ⚠️ To continue, you must agree to receive daily promotional SMS messages - Action Required!",forced_action
Low inventory warning: only 9 units remain!,scarcity
Urgent! Claim your free gift within 05 minutes!,urgency
"Alert: To read this article, you must subscribe to our daily email newsletter!",forced_action
"To continue, you must agree to receive daily promotional SMS messages [Required]",forced_action
UI Element: Pre-selected: Automatically add extended warranty package ($14.99) to checkout [Details],preselection
⚡ Act now before this deal vanishes!,urgency
SALE ENDS IN 45 MINUTES!,urgency
UI Element: Big Green Button: ACCEPT ALL EXTRA CHARGES | Small grey text: Skip optional add-on [Details],misdirection
Alert: ⚠️ Required step: consent to third-party marketing to enable button -> Must agree to continue!,forced_action
Important: Deceptive button: 'Download Now' installs third-party adware instead of software [Misleading UI] (Now),misdirection
Update Billing Info - Available now,normal
Notice: Deceptive consent renewal: Popup demands cookie permission repeatedly until user clicks Accept All -> Privacy Violation.,privacy_manipulation
You must allow push notifications to continue using this website [Required],forced_action
Update: Deceptive button: 'Download Now' installs third-party adware instead of software -> Misdirection - Click here,misdirection
View Product Details - Available now,normal
UI Element: Deceptive consent renewal: Popup demands cookie permission repeatedly until user clicks Accept All [Privacy Dark Pattern] [Details],privacy_manipulation
Important: Manipulative privacy choice: 'Allow tracking to keep service free' vs 'Pay $10/mo to opt-out of tracking' - Data Exploitation (Now),privacy_manipulation
Low inventory warning: only 15 units remain!,scarcity
Standard Return Policy applies within 30 days [Verified],normal
⚠️ Almost sold out! Only 12 remaining in warehouse!,scarcity
⚠️ Almost sold out! Only 3 remaining in warehouse!,scarcity
Notice: Deceptive consent: Click 'I Agree' to sell your personal location and demographic data - Data Exploitation.,privacy_manipulation
Alert: Pre-checked privacy consent: Automatically agree to share personal data with third-party brokers (Cookie Consent Trick)!,privacy_manipulation
"No, I enjoy paying more money - I'll pay full price",confirmshaming
View privacy statement,normal
Print Receipt - Click here,normal
Notice: ⚠️ Mandatory survey completion required before downloading your file -> Must agree to continue.,forced_action
⚠️ Stock is extremely low - only 5 items remaining!,scarcity
Alert: Pre-checked checkbox: Opt-in to marketing telemetry and behavior profiling (Pre-selected)!,preselection
Explore documentation,normal
Alert: ⚠️ Mandatory software installation required to proceed to website - Action Required!,forced_action
UI Element: Confusing double negative: Check box to refrain from not receiving marketing emails -> Misdirection [Details],misdirection
Alert: ⚠️ Must agree to mandatory data sharing to access free content - Action Required!,forced_action
⚡ Deal of the day expires soon!,urgency
Important: Visually prominent 'ACCEPT ALL SPONSORS' vs hidden invisible 'Reject all' button - Visual Trickery (Now),misdirection
"No, keep my order expensive",confirmshaming
Update: Misleading cookie banner: 'By remaining on this site you consent to full data collection & ad profiling' - Data Exploitation - Click here,privacy_manipulation
UI Element: Pre-checked privacy consent: Automatically agree to share personal data with third-party brokers [Privacy Dark Pattern] [Details],privacy_manipulation
Alert: Pre-selected: Automatically add extended warranty package ($14.99) to checkout [Default On]!,preselection
Update: Deceptive privacy setting: 'Enhance your experience' secretly enables microphone & location telemetry (Cookie Consent Trick) - Click here,privacy_manipulation
Important: Pre-checked: Automatically sign me up for weekly marketing emails and partner offers - Auto-enrolled (Now),preselection
48 people have this product in their cart right now!,scarcity
Update: Pre-selected box: Opt-in to promotional SMS text messaging and robo-calls (Pre-selected) - Click here,preselection
Change Password - Available now,normal
Notice: Compulsory registration: enter phone number and permit marketing calls to proceed -> Must agree to continue.,forced_action
Last chance! Offer ends in 45:15!,urgency
Important: Trick phrasing: Check if you do not want us to refrain from sharing your data (Deceptive Button) (Now),misdirection
Notice: ⚠️ You must download our toolbar application to view this content [Required].,forced_action
⚠️ Limited stock available! Only 15 items left for immediate dispatch!,scarcity
Alert: Accept All & Continue (Recommended) vs [Tiny link: Decline & customize] -> Misdirection!,misdirection
"Alert: Deceptive choice: Click 'Cancel' to proceed with order, or 'OK' to abort!",misdirection
Place Order - Click here,normal
⚠️ You must download our toolbar application to view this content (Mandatory),forced_action
⚡ Last chance! Offer ends in 30:00!,urgency
"Alert: No thanks, I'd rather miss out on amazing savings!",confirmshaming
🔥 Only 15 items left before backorder!,scarcity
UI Element: Deceptive privacy setting: 'Enhance your experience' secretly enables microphone & location telemetry [Privacy Dark Pattern] [Details],privacy_manipulation
UI Element: Allow all 500+ ad partners to track your activity across websites for personalized ads - Data Exploitation [Details],privacy_manipulation
Important: Checked by default: Keep me logged in and allow persistent tracking cookies (Now),preselection
UI Element: Confusing wording: Uncheck this box if you DO NOT wish to NOT receive promotional offers [Misleading UI] [Details],misdirection
Popular item! Only 5 left in our inventory!,scarcity
Important: Trick phrasing: Check if you do not want us to refrain from sharing your data (Now),misdirection
Alert: ⚠️ Required step: consent to third-party marketing to enable button [Required]!,forced_action
Visual hierarchy trick: Huge 'UPGRADE NOW' button next to faded unclickable 'No thanks' [Misleading UI],misdirection
Compare Items - Available now,normal
Alert: Visually prominent 'ACCEPT ALL SPONSORS' vs hidden invisible 'Reject all' button -> Misdirection!,misdirection
"Deceptive choice: Click 'Cancel' to proceed with order, or 'OK' to abort [Misleading UI]",misdirection
FAQ - Official Store,normal
"Alert: ⚠️ To continue, you must agree to receive daily promotional SMS messages -> Must agree to continue!",forced_action
⚠️ Only 4 items left in stock!,scarcity
Alert: Required: Subscribe to our partner offers to unlock your free trial -> Must agree to continue!,forced_action
⚠️ Mandatory survey completion required before downloading your file (Mandatory),forced_action
Notice: Selected: Automatically renew my subscription every month at full price.,preselection
"Notice: Nah, I don't care about my security and privacy - I'll pay full price.",confirmshaming
"Notice: No thanks, No, I prefer being uninformed and losing out on deals.",confirmshaming
Need assistance? Chat with us - Official Store,normal
Notice: Checked by default: Keep me logged in and allow persistent tracking cookies (Pre-selected).,preselection
"Alert: Nah, I don't want to improve my skills and stay behind (I'll pass)!",confirmshaming
Trick phrasing: Check if you do not want us to refrain from sharing your data - Visual Trickery,misdirection
Hard-to-find opt-out: 'Do Not Sell My Personal Information' link hidden in footer 8pt font,privacy_manipulation
LAST CHANCE! OFFER ENDS IN 45:00!,urgency
Update: Default checked: Share my browsing profile with advertising network partners - Auto-enrolled - Click here,preselection
COUNTDOWN TIMER: 45 MINS 59 SECS REMAINING!,urgency
Select Size: Medium [Verified],normal
Share via Email - Click here,normal
Important: Big Green Button: ACCEPT ALL EXTRA CHARGES | Small grey text: Skip optional add-on (Deceptive Button) (Now),misdirection
Clear filter - Official Store,normal
Notice: ⚠️ Mandatory newsletter registration required to proceed to download [Required].,forced_action
Notice: ⚠️ Account creation and promotional consent required to view price.,forced_action
Last chance! Offer ends in 45:45!,urgency
COUNTDOWN TIMER: 30 MINS 00 SECS REMAINING!,urgency
"Option: Nah, I prefer paying full price for items",confirmshaming
"Notice: No thanks, No, I enjoy paying more money.",confirmshaming
Notice: Default checked: Share my browsing profile with advertising network partners [Default On].,preselection
"Alert: Click here: Nah, I don't want to improve my skills and stay behind!",confirmshaming
Notice: Pre-selected box: Opt-in to promotional SMS text messaging and robo-calls.,preselection
Important: Misleading opt-out: 'Keep my discount' actually subscribes you to paid membership -> Misdirection (Now),misdirection
🔥 Selling fast! Only 12 left in stock!,scarcity
Alert: ⚠️ Required action: Join our rewards program to complete your order!,forced_action
Alert: Required step: consent to third-party marketing to enable button [Required]!,forced_action
Important: Prominent 'AGREE & PAY' button vs disguised 'Manage preferences' hyperlink -> Misdirection (Now),misdirection
Over 12 people are viewing this offer currently!,scarcity
UI Element: Deceptive consent renewal: Popup demands cookie permission repeatedly until user clicks Accept All -> Privacy Violation [Details],privacy_manipulation
Low inventory warning: only 3 units remain!,scarcity
LAST CHANCE! OFFER ENDS IN 02:30!,urgency
Required step: consent to third-party marketing to enable button - Action Required,forced_action
Important: Pre-selected box: Opt-in to promotional SMS text messaging and robo-calls (Checked) (Now),preselection
"Notice: No thanks, I hate saving money (I'll pass).",confirmshaming
Notice: ⚠️ Required: Subscribe to our partner offers to unlock your free trial -> Must agree to continue.,forced_action
UI Element: Selected: Automatically renew my subscription every month at full price - Auto-enrolled [Details],preselection
DISCOUNT CODE VALID FOR THE NEXT 05 MINUTES ONLY!,urgency
🔥 Only 12 items left before backorder!,scarcity
Alert: Misleading button label: 'Continue Free Trial' secretly charges $49.99 after 3 days!,misdirection
Default checked option: Subscribe to newsletter and agree to partner data access (Pre-selected),preselection
Urgent! Claim your free gift within 30 minutes!,urgency
About Us | Customer Care,normal
Stock is extremely low - only 15 items remaining!,scarcity
"Notice: Click here: No, I don't care about getting the best value.",confirmshaming
⚠️ Popular item! Only 15 left in our inventory!,scarcity
Notice: Forced tracking consent: You must accept cross-site tracking cookies to view this page -> Privacy Violation.,privacy_manipulation
Select store hours,normal
Alert: Manipulative privacy choice: 'Allow tracking to keep service free' vs 'Pay $10/mo to opt-out of tracking'!,privacy_manipulation
"Notice: Hurry, discount applies only if purchased right now!.",urgency
Item added to cart [Verified],normal
UI Element: Misleading layout: 'X' button on popup actually opens promotional offer page [Misleading UI] [Details],misdirection
UI Element: Deceptive button: 'Download Now' installs third-party adware instead of software -> Misdirection [Details],misdirection
Update: Deceptive consent renewal: Popup demands cookie permission repeatedly until user clicks Accept All - Click here,privacy_manipulation
🔥 Stock is extremely low - only 48 items remaining!,scarcity
Confusing double negative: Check box to refrain from not receiving marketing emails - Visual Trickery,misdirection
"⚡ Hurry, discount applies only if purchased right now!",urgency
Alert: Mandatory survey completion required before downloading your file -> Must agree to continue!,forced_action
Misleading opt-out: 'Keep my discount' actually subscribes you to paid membership (Deceptive Button),misdirection
Important: Pre-checked: Automatically sign me up for weekly marketing emails and partner offers [Default On] (Now),preselection
Hurry up! Just 4 spots available at this price!,scarcity
"Notice: Option: No thanks, I don't care about saving money.",confirmshaming
"⚠️ To continue, you must agree to receive daily promotional SMS messages",forced_action
⚡ Hurry! Only 30 minutes left to claim 50% off!,urgency
⚠️ Only 2 items left in stock!,scarcity
Update: Big Green Button: ACCEPT ALL EXTRA CHARGES | Small grey text: Skip optional add-on - Click here,misdirection
Alert: ⚠️ You are required to share your location and contact list to access this feature -> Must agree to continue!,forced_action
⚡ Hurry! Offer expires in 30:15 minutes!,urgency
Important: Checked by default: Add $4.99 premium shipping protection insurance to my order (Pre-selected) (Now),preselection
Alert: Default checked: Share my browsing profile with advertising network partners - Auto-enrolled!,preselection
Redeem points [Verified],normal
Important: Default checked option: Subscribe to newsletter and agree to partner data access (Checked) (Now),preselection
Confusing double negative: Check box to refrain from not receiving marketing emails,misdirection
Notice: Confusing double negative: Check box to refrain from not receiving marketing emails.,misdirection
Over 1 people are viewing this offer currently!,scarcity
UI Element: Pre-checked: I agree to receive marketing communications from 50+ third-party sponsors [Default On] [Details],preselection
⚡ Clock is ticking! Get 30% off before timer expires!,urgency
"Select: No, keep my order expensive",confirmshaming
"Nah, I don't want to improve my skills and stay behind - I'll pay full price",confirmshaming
Flash Sale! Prices revert to full price in 30 minutes!,urgency
"Click here: No thanks, I don't care about saving money",confirmshaming
Alert: Deceptive consent renewal: Popup demands cookie permission repeatedly until user clicks Accept All (Cookie Consent Trick)!,privacy_manipulation
Important: Pre-checked checkbox: Opt-in to marketing telemetry and behavior profiling (Pre-selected) (Now),preselection
⚠️ You must allow push notifications to continue using this website [Required],forced_action
"UI Element: Deceptive account privacy: Default settings set user profile, photos, and location to Public -> Privacy Violation [Details]",privacy_manipulation
UI Element: Deceptive privacy setting: 'Enhance your experience' secretly enables microphone & location telemetry (Cookie Consent Trick) [Details],privacy_manipulation
Explore refund policy,normal
Important: Pre-checked privacy consent: Automatically agree to share personal data with third-party brokers [Privacy Dark Pattern] (Now),privacy_manipulation
🔥 Only 12 items left in stock!,scarcity
"Important: Privacy manipulation: 'Accept All Cookies' button highlighted, 'Reject All' button disabled/hidden - Data Exploitation (Now)",privacy_manipulation
Sort by price: low to high - Official Store,normal
⚠️ 5 people have this product in their cart right now!,scarcity
UI Element: Trick phrasing: Check if you do not want us to refrain from sharing your data [Misleading UI] [Details],misdirection
Notice: COUNTDOWN TIMER: 30 MINS 15 SECS REMAINING!.,urgency
UI Element: Pre-selected box: Opt-in to promotional SMS text messaging and robo-calls (Checked) [Details],preselection
Subtotal: $49.99,normal
Payment Method: Credit Card | Customer Care,normal
Notice: Accept All & Continue (Recommended) vs [Tiny link: Decline & customize].,misdirection
HURRY! OFFER EXPIRES IN 15:15 MINUTES!,urgency
Checked by default: Add optional magazine subscription ($9.99/mo) to cart,preselection
"No thanks, I prefer paying extra fees - I'll pay full price",confirmshaming
Important: Deceptive consent: Click 'I Agree' to sell your personal location and demographic data - Data Exploitation (Now),privacy_manipulation
Update: Default checked: Share my browsing profile with advertising network partners (Pre-selected) - Click here,preselection
Update: Pre-selected: Upgrade my ticket to non-refundable premium tier automatically (Pre-selected) - Click here,preselection
Alert: Allow all 500+ ad partners to track your activity across websites for personalized ads!,privacy_manipulation
In high demand! 9 purchased in the last hour!,scarcity
"Alert: ⚠️ To read this article, you must subscribe to our daily email newsletter (Mandatory)!",forced_action
Apply discount code | Customer Care,normal
"Notice: No, I don't care about getting the best value.",confirmshaming
LAST CHANCE! OFFER ENDS IN 10:30!,urgency
Alert: ⚠️ Required step: consent to third-party marketing to enable button!,forced_action
⚠️ Required step: consent to third-party marketing to enable button -> Must agree to continue,forced_action
Update: Accept All & Continue (Recommended) vs [Tiny link: Decline & customize] (Deceptive Button) - Click here,misdirection
Weight: 1.2 lbs - Details,normal
"Notice: Deceptive account privacy: Default settings set user profile, photos, and location to Public -> Privacy Violation.",privacy_manipulation
⚠️ Over 5 people are viewing this offer currently!,scarcity
Alert: Pre-checked: Automatically sign me up for weekly marketing emails and partner offers!,preselection
"Click here: No, I prefer wasting time and paying full price",confirmshaming
Update: Obstacle-ridden privacy controls: Rejecting cookies requires toggling 200 individual vendor switches - Data Exploitation - Click here,privacy_manipulation
"No, I don't want free shipping and exclusive discounts (I'll pass)",confirmshaming
Wishlist (Standard Rate),normal
"Notice: No thanks, I don't want free unlimited access.",confirmshaming
Home (Standard Rate),normal
Terms of Service (Optional),normal
Only 2 items left before backorder!,scarcity
UI Element: Primary highlighted button: 'ADD EVERYTHING TO CART' | Hidden text: 'No thanks' [Misleading UI] [Details],misdirection
⚡ Offer expiring! Complete your reservation now!,urgency
LAST CHANCE! OFFER ENDS IN 30:59!,urgency
Stock is extremely low - only 23 items remaining!,scarcity
⚠️ Popular item! Only 12 left in our inventory!,scarcity
"Alert: No thanks, Nah, I don't want to protect my purchase warranty!",confirmshaming
Notice: Confusing wording: Uncheck this box if you DO NOT wish to NOT receive promotional offers - Visual Trickery.,misdirection
Hurry! Offer expires in 15:00 minutes!,urgency
Notice: We value your privacy: Accept All Cookies & Data Selling (One-click) vs 15-step manual opt-out.,privacy_manipulation
Important: Misleading button label: 'Continue Free Trial' secretly charges $49.99 after 3 days -> Misdirection (Now),misdirection
Terms of Service - Official Store,normal
Important: Forced tracking consent: You must accept cross-site tracking cookies to view this page (Now),privacy_manipulation
Notice: We value your privacy: Accept All Cookies & Data Selling (One-click) vs 15-step manual opt-out - Data Exploitation.,privacy_manipulation
🔥 Over 15 people are viewing this offer currently!,scarcity
Notice: Pre-checked: I agree to receive marketing communications from 50+ third-party sponsors - Auto-enrolled.,preselection
"Update: No thanks, No, I don't care about getting the best value - Click here",confirmshaming
⚡ Hurry! Offer expires in 10:45 minutes!,urgency
"Alert: Nah, I prefer paying full price for items - I'll pay full price!",confirmshaming
Alert: Must agree to mandatory data sharing to access free content -> Must agree to continue!,forced_action
Notice: Accept All & Continue (Recommended) vs [Tiny link: Decline & customize] -> Misdirection.,misdirection
Important: Pre-checked checkbox: Opt-in to marketing telemetry and behavior profiling [Default On] (Now),preselection
Alert: Visually prominent 'ACCEPT ALL SPONSORS' vs hidden invisible 'Reject all' button [Misleading UI]!,misdirection
HURRY! OFFER EXPIRES IN 05:15 MINUTES!,urgency
Alert: Mandatory newsletter registration required to proceed to download (Mandatory)!,forced_action
Sort by relevance - Details,normal
Alert: Default checked: Share my browsing profile with advertising network partners [Default On]!,preselection
Notice: You must create an account and subscribe to promotional emails to complete checkout [Required].,forced_action
Only 12 left at this discounted rate!,scarcity
⚡ Countdown timer: 02 mins 15 secs remaining!,urgency
Search results for headphones - Official Store,normal
Subtotal: $49.99 (Optional),normal
Add to Cart [Verified],normal
"Alert: Click here: No thanks, I hate saving money!",confirmshaming
Notice: Pre-selected: Enroll me in auto-bill pay and recurring monthly membership.,preselection
Buy Now - Click here,normal
"Alert: To read this article, you must subscribe to our daily email newsletter - Action Required!",forced_action
Update: Misleading button label: 'Continue Free Trial' secretly charges $49.99 after 3 days -> Misdirection - Click here,misdirection
Misleading layout: 'X' button on popup actually opens promotional offer page (Deceptive Button),misdirection
Copyright 2026 All Rights Reserved - Learn More,normal
Update: Trick phrasing: Check if you do not want us to refrain from sharing your data [Misleading UI] - Click here,misdirection
COUNTDOWN TIMER: 10 MINS 00 SECS REMAINING!,urgency
Notice: ⚡ Discount code valid for the next 02 minutes only!.,urgency
⚠️ Low inventory warning: only 4 units remain!,scarcity
Over 23 people are viewing this offer currently!,scarcity
Update: Prominent 'AGREE & PAY' button vs disguised 'Manage preferences' hyperlink (Deceptive Button) - Click here,misdirection
"Welcome back, User (Standard Rate)",normal
Sign Up [Verified],normal
Important: Pre-selected box: Opt-in to promotional SMS text messaging and robo-calls (Now),preselection
